Order ID,customer_id,Product Name,Category,Price (INR),Quantity Sold,Total Sales (INR),Order Date,Payment Method,Customer Rating,Month,Year,Profit (INR),Discount %,Customer Segment,Region
ORD00001,C0112,Educational Book,Books,49069.56,2,98139.12,2024-09-12,Debit Card,3.5,September,2024,19627.824,11,Online,West
ORD00002,C0047,Jeans,Clothing,12755.85,4,51023.4,2024-12-18,UPI,3.9,December,2024,10204.68,24,Wholesale,North
ORD00003,C0148,Face Cream,Beauty,11092.19,4,44368.76,2024-05-18,Debit Card,4.4,May,2024,8873.752,19,Online,South
ORD00004,C0041,Smartwatch,Electronics,32657.81,1,32657.81,2024-11-08,Debit Card,3.2,November,2024,6531.562000000001,15,Online,North
ORD00005,C0245,Cookware Set,Home & Kitchen,26590.08,3,79770.24,2024-12-27,UPI,3.1,December,2024,15954.048000000004,12,Retail,North
ORD00006,C0262,Mixer Grinder,Home & Kitchen,10475.03,2,20950.06,2024-10-22,Wallet,1.7,October,2024,4190.012000000001,25,Wholesale,North
ORD00007,C0229,Sneakers,Clothing,38647.72,3,115943.16,2024-07-04,Wallet,2.0,July,2024,23188.632,11,Wholesale,North
ORD00008,C0265,Table Lamp,Home & Kitchen,24818.59,3,74455.77,2024-12-27,Debit Card,2.4,December,2024,14891.154000000002,30,Wholesale,South
ORD00009,C0196,Jacket,Clothing,1987.39,2,3974.78,2025-01-18,Debit Card,2.6,January,2025,794.9560000000001,23,Online,North
ORD00010,C0293,Tablet,Electronics,26876.51,2,53753.02,2024-03-14,Debit Card,4.0,March,2024,10750.604,27,Online,North
ORD00011,C0139,Perfume,Beauty,46409.57,5,232047.85,2025-02-08,UPI,2.3,February,2025,46409.57000000001,15,Online,West
ORD00012,C0021,Lipstick,Beauty,48780.78,5,243903.9,2024-04-13,UPI,1.3,April,2024,48780.78,15,Retail,South
ORD00013,C0189,Educational Book,Books,6670.82,5,33354.1,2024-02-23,COD,1.2,February,2024,6670.82,28,Online,South
ORD00014,C0255,Smartphone,Electronics,10826.05,1,10826.05,2024-06-02,Wallet,3.7,June,2024,2165.21,25,Retail,East
ORD00015,C0072,Comic Book,Books,6839.1,1,6839.1,2024-09-12,Credit Card,1.6,September,2024,1367.8200000000002,8,Wholesale,South
ORD00016,C0235,Mixer Grinder,Home & Kitchen,18197.89,5,90989.45,2024-03-30,Debit Card,1.6,March,2024,18197.89,12,Online,South
ORD00017,C0171,Cookbook,Books,20817.46,2,41634.92,2024-03-30,Debit Card,2.3,March,2024,8326.984,28,Retail,East
ORD00018,C0114,Perfume,Beauty,44061.25,4,176245.0,2024-04-22,COD,2.5,April,2024,35249.0,7,Retail,South
ORD00019,C0239,Cookbook,Books,4398.59,5,21992.95,2024-03-22,Wallet,4.0,March,2024,4398.59,26,Online,South
ORD00020,C0105,T-Shirt,Clothing,32565.77,5,162828.85,2025-01-06,COD,4.4,January,2025,32565.770000000004,25,Wholesale,South
ORD00021,C0167,Cookware Set,Home & Kitchen,47529.36,1,47529.36,2024-07-09,Net Banking,4.5,July,2024,9505.872,6,Wholesale,South
ORD00022,C0222,Jeans,Clothing,37129.73,3,111389.19,2025-01-22,Wallet,4.3,January,2025,22277.838000000003,28,Wholesale,East
ORD00023,C0201,Educational Book,Books,48258.19,4,193032.76,2024-06-23,UPI,1.6,June,2024,38606.552,16,Retail,South
ORD00024,C0046,Bedsheet,Home & Kitchen,32505.96,1,32505.96,2024-03-19,Wallet,2.8,March,2024,6501.192,10,Retail,South
ORD00025,C0122,Cookware Set,Home & Kitchen,4165.64,2,8331.28,2024-11-24,COD,1.1,November,2024,1666.2560000000003,6,Retail,East
ORD00026,C0093,T-Shirt,Clothing,2053.11,4,8212.44,2024-07-23,COD,3.4,July,2024,1642.4880000000005,25,Retail,West
ORD00027,C0116,Jeans,Clothing,38927.62,4,155710.48,2024-08-24,Wallet,2.5,August,2024,31142.096000000005,5,Wholesale,North
ORD00028,C0075,Mixer Grinder,Home & Kitchen,28978.47,4,115913.88,2024-07-21,UPI,2.3,July,2024,23182.776,16,Online,West
ORD00029,C0050,Lipstick,Beauty,21293.42,5,106467.1,2024-04-16,Wallet,2.2,April,2024,21293.42,30,Retail,East
ORD00030,C0014,Lipstick,Beauty,49097.01,4,196388.04,2024-08-05,Credit Card,3.7,August,2024,39277.608,26,Retail,North
ORD00031,C0137,Perfume,Beauty,47651.19,1,47651.19,2024-04-14,Net Banking,3.6,April,2024,9530.238,16,Wholesale,East
ORD00032,C0293,Hair Dryer,Beauty,15046.01,5,75230.05,2024-10-17,COD,1.1,October,2024,15046.010000000002,29,Online,East
ORD00033,C0083,Laptop,Electronics,36980.1,3,110940.3,2024-10-01,COD,3.2,October,2024,22188.06,21,Online,South
ORD00034,C0031,Table Lamp,Home & Kitchen,38144.67,2,76289.34,2024-07-15,Net Banking,3.1,July,2024,15257.868,14,Wholesale,North
ORD00035,C0162,Laptop,Electronics,49355.45,2,98710.9,2024-05-01,COD,3.5,May,2024,19742.18,20,Wholesale,South
ORD00036,C0136,Shampoo,Beauty,12945.96,3,38837.88,2024-06-10,Wallet,1.4,June,2024,7767.576,19,Online,North
ORD00037,C0182,Perfume,Beauty,34927.79,4,139711.16,2024-06-27,Credit Card,1.1,June,2024,27942.232000000004,19,Retail,East
ORD00038,C0297,Table Lamp,Home & Kitchen,3677.4,3,11032.2,2024-07-31,UPI,3.7,July,2024,2206.44,23,Online,East
ORD00039,C0121,Comic Book,Books,37004.54,4,148018.16,2024-10-26,Debit Card,4.0,October,2024,29603.632,16,Wholesale,West
ORD00040,C0134,Cookbook,Books,27961.78,5,139808.9,2024-02-23,Net Banking,4.0,February,2024,27961.78,27,Retail,North
ORD00041,C0053,Comic Book,Books,2655.8,2,5311.6,2024-02-12,Net Banking,3.7,February,2024,1062.3200000000002,24,Retail,South
ORD00042,C0141,Headphones,Electronics,965.51,4,3862.04,2024-06-06,COD,3.5,June,2024,772.408,29,Wholesale,West
ORD00043,C0191,Bedsheet,Home & Kitchen,2980.08,3,8940.24,2024-12-14,Net Banking,4.2,December,2024,1788.048,7,Wholesale,West
ORD00044,C0099,Mixer Grinder,Home & Kitchen,8598.58,1,8598.58,2024-10-09,Debit Card,1.1,October,2024,1719.716,9,Wholesale,West
ORD00045,C0052,Shampoo,Beauty,31850.15,2,63700.3,2024-04-14,Net Banking,2.8,April,2024,12740.06,23,Online,South
ORD00046,C0005,Smartwatch,Electronics,33443.32,5,167216.6,2024-02-15,UPI,2.4,February,2024,33443.32,11,Online,West
ORD00047,C0198,Jacket,Clothing,29592.5,5,147962.5,2024-07-25,Net Banking,4.7,July,2024,29592.5,25,Retail,South
ORD00048,C0075,Hair Dryer,Beauty,11187.38,4,44749.52,2024-06-22,Wallet,2.3,June,2024,8949.904,13,Wholesale,West
ORD00049,C0028,Bedsheet,Home & Kitchen,23898.58,5,119492.9,2024-11-28,Credit Card,3.3,November,2024,23898.58,11,Retail,South
ORD00050,C0292,Comic Book,Books,1391.49,4,5565.96,2024-08-11,Credit Card,4.5,August,2024,1113.192,22,Retail,East
ORD00051,C0231,Jeans,Clothing,18607.69,5,93038.45,2024-09-10,COD,2.4,September,2024,18607.69,8,Retail,East
ORD00052,C0268,Fiction Novel,Books,46224.88,3,138674.64,2024-10-30,Credit Card,4.1,October,2024,27734.928000000004,29,Retail,East
ORD00053,C0066,Tablet,Electronics,11864.13,5,59320.65,2024-11-11,Debit Card,1.3,November,2024,11864.13,18,Wholesale,East
ORD00054,C0285,Comic Book,Books,7757.2,5,38786.0,2024-11-22,Wallet,2.2,November,2024,7757.200000000001,22,Retail,East
ORD00055,C0270,Smartwatch,Electronics,29745.0,1,29745.0,2024-10-04,UPI,3.6,October,2024,5949.0,30,Wholesale,West
ORD00056,C0259,Jeans,Clothing,39176.54,5,195882.7,2024-04-04,Net Banking,4.1,April,2024,39176.54,13,Wholesale,West
ORD00057,C0235,Jeans,Clothing,18075.19,5,90375.95,2024-09-03,Debit Card,1.7,September,2024,18075.19,30,Online,West
ORD00058,C0051,Self-Help Book,Books,18830.59,4,75322.36,2024-05-16,Net Banking,3.6,May,2024,15064.472000000002,25,Wholesale,South
ORD00059,C0160,Headphones,Electronics,38476.48,4,153905.92,2024-08-30,Credit Card,2.0,August,2024,30781.184000000005,6,Online,South
ORD00060,C0195,Laptop,Electronics,27120.36,2,54240.72,2024-06-13,Credit Card,3.8,June,2024,10848.144,24,Wholesale,South
ORD00061,C0004,Cookbook,Books,31627.0,5,158135.0,2024-07-28,Debit Card,3.1,July,2024,31627.0,19,Wholesale,South
ORD00062,C0134,Comic Book,Books,14505.79,3,43517.37,2024-07-10,UPI,3.9,July,2024,8703.474,11,Wholesale,East
ORD00063,C0014,Smartwatch,Electronics,15229.67,3,45689.01,2024-07-21,Credit Card,2.7,July,2024,9137.802,16,Online,East
ORD00064,C0147,Table Lamp,Home & Kitchen,2158.12,3,6474.36,2025-01-02,COD,3.4,January,2025,1294.872,12,Online,East
ORD00065,C0237,Lipstick,Beauty,11106.19,2,22212.38,2024-12-22,Wallet,1.1,December,2024,4442.476000000001,19,Retail,North
ORD00066,C0292,Educational Book,Books,21690.55,2,43381.1,2024-11-28,Credit Card,1.9,November,2024,8676.22,7,Online,West
ORD00067,C0047,Hair Dryer,Beauty,4225.69,4,16902.76,2024-05-06,Credit Card,2.5,May,2024,3380.552,18,Online,South
ORD00068,C0148,Smartwatch,Electronics,23621.02,1,23621.02,2024-02-26,Wallet,4.7,February,2024,4724.204000000001,21,Online,South
ORD00069,C0177,Educational Book,Books,38937.92,3,116813.76,2024-04-08,Credit Card,3.4,April,2024,23362.752,8,Online,East
ORD00070,C0288,Cookware Set,Home & Kitchen,2707.97,1,2707.97,2024-04-28,Net Banking,1.2,April,2024,541.5939999999999,22,Retail,South
ORD00071,C0170,Face Cream,Beauty,23715.42,4,94861.68,2024-03-24,COD,2.0,March,2024,18972.336,12,Online,South
ORD00072,C0051,Tablet,Electronics,9083.5,2,18167.0,2024-07-05,UPI,1.8,July,2024,3633.4,8,Wholesale,West
ORD00073,C0159,Lipstick,Beauty,26379.35,4,105517.4,2024-09-07,UPI,3.0,September,2024,21103.48,6,Wholesale,East
ORD00074,C0109,Jacket,Clothing,34023.96,3,102071.88,2024-02-13,Credit Card,4.6,February,2024,20414.376000000004,10,Online,West
ORD00075,C0181,Sneakers,Clothing,1542.1,4,6168.4,2024-08-25,Credit Card,1.0,August,2024,1233.68,26,Online,North
ORD00076,C0193,Fiction Novel,Books,42981.08,3,128943.24,2024-03-25,COD,3.8,March,2024,25788.648,14,Wholesale,North
ORD00077,C0104,Sofa Cover,Home & Kitchen,46338.29,5,231691.45,2024-03-22,COD,3.4,March,2024,46338.29000000001,8,Wholesale,North
ORD00078,C0076,Headphones,Electronics,34161.44,1,34161.44,2024-06-30,Wallet,2.4,June,2024,6832.2880000000005,26,Retail,East
ORD00079,C0133,Lipstick,Beauty,21317.31,5,106586.55,2024-07-16,Credit Card,4.0,July,2024,21317.31,22,Wholesale,South
ORD00080,C0071,Face Cream,Beauty,46011.84,4,184047.36,2024-05-01,COD,3.3,May,2024,36809.472,30,Wholesale,East
ORD00081,C0208,Perfume,Beauty,2097.99,1,2097.99,2025-02-09,Debit Card,3.2,February,2025,419.598,16,Online,East
ORD00082,C0015,Smartphone,Electronics,17104.91,3,51314.73,2024-12-10,Credit Card,2.7,December,2024,10262.946000000002,6,Wholesale,South
ORD00083,C0004,Sofa Cover,Home & Kitchen,29326.6,3,87979.8,2024-11-07,Credit Card,4.9,November,2024,17595.960000000003,14,Retail,West
ORD00084,C0223,Headphones,Electronics,28892.73,4,115570.92,2024-11-11,COD,1.3,November,2024,23114.184,8,Wholesale,North
ORD00085,C0143,Tablet,Electronics,35033.12,4,140132.48,2024-12-03,UPI,4.7,December,2024,28026.496000000003,18,Online,West
ORD00086,C0264,Jeans,Clothing,40069.3,3,120207.9,2024-10-27,Debit Card,2.4,October,2024,24041.58,20,Online,North
ORD00087,C0251,Comic Book,Books,20613.14,4,82452.56,2024-05-30,UPI,3.4,May,2024,16490.512,19,Wholesale,East
ORD00088,C0277,Cookware Set,Home & Kitchen,3432.0,5,17160.0,2024-04-12,Credit Card,3.4,April,2024,3432.0,12,Online,North
ORD00089,C0080,Shampoo,Beauty,25752.65,3,77257.95,2024-06-28,Net Banking,2.5,June,2024,15451.59,18,Retail,East
ORD00090,C0272,Smartwatch,Electronics,30238.47,2,60476.94,2024-09-24,Net Banking,4.0,September,2024,12095.388,27,Retail,West
ORD00091,C0297,Bedsheet,Home & Kitchen,34293.38,4,137173.52,2024-04-01,Net Banking,4.4,April,2024,27434.704,29,Wholesale,East
ORD00092,C0070,Perfume,Beauty,19498.32,2,38996.64,2024-11-23,Credit Card,3.6,November,2024,7799.328,12,Wholesale,West
ORD00093,C0182,T-Shirt,Clothing,39355.59,1,39355.59,2024-10-22,Wallet,2.9,October,2024,7871.117999999999,25,Wholesale,South
ORD00094,C0012,Cookbook,Books,26575.86,2,53151.72,2024-05-23,Wallet,2.0,May,2024,10630.344,20,Online,South
ORD00095,C0262,Headphones,Electronics,12506.31,3,37518.93,2025-01-12,UPI,1.4,January,2025,7503.786,17,Retail,South
ORD00096,C0044,T-Shirt,Clothing,19180.77,3,57542.31,2025-01-28,Wallet,3.9,January,2025,11508.462,22,Retail,East
ORD00097,C0105,Bedsheet,Home & Kitchen,8877.51,5,44387.55,2024-05-31,UPI,2.5,May,2024,8877.51,19,Online,South
ORD00098,C0242,Sneakers,Clothing,32348.92,2,64697.84,2025-02-02,Credit Card,3.1,February,2025,12939.568,25,Retail,North
ORD00099,C0122,Smartwatch,Electronics,19375.76,2,38751.52,2024-12-06,Credit Card,2.1,December,2024,7750.304,28,Wholesale,West
ORD00100,C0181,Educational Book,Books,48157.93,1,48157.93,2024-09-05,COD,2.4,September,2024,9631.586,30,Wholesale,West
ORD00101,C0002,Laptop,Electronics,4360.05,4,17440.2,2025-01-18,Wallet,3.3,January,2025,3488.0400000000004,29,Wholesale,North
ORD00102,C0106,Jacket,Clothing,38093.14,1,38093.14,2024-10-22,Credit Card,3.0,October,2024,7618.628000000001,17,Retail,East
ORD00103,C0123,Educational Book,Books,32788.2,5,163941.0,2024-07-07,Credit Card,4.0,July,2024,32788.200000000004,13,Wholesale,East
ORD00104,C0283,Comic Book,Books,42715.55,1,42715.55,2024-07-14,Credit Card,4.4,July,2024,8543.11,19,Online,West
ORD00105,C0071,Perfume,Beauty,28758.42,5,143792.1,2024-09-22,Net Banking,3.7,September,2024,28758.42,17,Online,South
ORD00106,C0167,Educational Book,Books,22555.21,2,45110.42,2024-05-10,UPI,4.3,May,2024,9022.084,5,Retail,East
ORD00107,C0034,Dress,Clothing,33613.18,1,33613.18,2024-08-24,Wallet,3.5,August,2024,6722.636,29,Online,East
ORD00108,C0104,T-Shirt,Clothing,44639.0,5,223195.0,2024-05-04,Credit Card,1.1,May,2024,44639.0,11,Online,North
ORD00109,C0209,Jeans,Clothing,11785.4,5,58927.0,2024-06-25,Wallet,1.6,June,2024,11785.4,13,Retail,North
ORD00110,C0042,Self-Help Book,Books,30826.72,1,30826.72,2024-08-04,UPI,3.9,August,2024,6165.344000000001,28,Wholesale,South
ORD00111,C0214,Jacket,Clothing,35811.1,4,143244.4,2024-09-11,Net Banking,1.9,September,2024,28648.88,5,Wholesale,East
ORD00112,C0203,Shampoo,Beauty,45387.99,3,136163.97,2024-12-23,COD,4.8,December,2024,27232.794,16,Wholesale,East
ORD00113,C0170,Sofa Cover,Home & Kitchen,39263.94,5,196319.7,2024-08-05,Wallet,3.8,August,2024,39263.94,12,Retail,North
ORD00114,C0105,Educational Book,Books,19787.61,1,19787.61,2024-10-07,Debit Card,3.9,October,2024,3957.522,28,Online,East
ORD00115,C0074,Jacket,Clothing,26219.99,4,104879.96,2024-03-14,Debit Card,2.1,March,2024,20975.992,15,Wholesale,West
ORD00116,C0177,Lipstick,Beauty,14286.02,4,57144.08,2024-05-25,UPI,3.7,May,2024,11428.816,23,Wholesale,North
ORD00117,C0076,T-Shirt,Clothing,13019.07,3,39057.21,2025-02-02,Credit Card,2.8,February,2025,7811.442,21,Retail,South
ORD00118,C0260,Face Cream,Beauty,43488.42,3,130465.26,2024-07-18,Net Banking,3.0,July,2024,26093.052,12,Wholesale,North
ORD00119,C0038,Cookbook,Books,30903.49,4,123613.96,2024-09-10,Net Banking,1.7,September,2024,24722.792,7,Retail,East
ORD00120,C0072,Table Lamp,Home & Kitchen,37405.46,4,149621.84,2025-01-15,Wallet,1.3,January,2025,29924.368,7,Online,South
ORD00121,C0205,Tablet,Electronics,30593.67,4,122374.68,2024-05-18,COD,1.5,May,2024,24474.936,5,Retail,North
ORD00122,C0216,Headphones,Electronics,28688.25,3,86064.75,2024-05-27,UPI,2.4,May,2024,17212.95,9,Retail,West
ORD00123,C0253,Hair Dryer,Beauty,12158.96,3,36476.88,2024-03-21,Net Banking,1.1,March,2024,7295.376,14,Retail,West
ORD00124,C0042,Headphones,Electronics,24500.05,3,73500.15,2024-04-21,Credit Card,4.4,April,2024,14700.03,11,Retail,North
ORD00125,C0067,Table Lamp,Home & Kitchen,44412.88,3,133238.64,2024-09-13,COD,1.4,September,2024,26647.728000000003,30,Online,West
ORD00126,C0260,Smartphone,Electronics,26615.97,3,79847.91,2024-08-26,Net Banking,3.6,August,2024,15969.582000000002,13,Online,West
ORD00127,C0113,Jacket,Clothing,3979.4,1,3979.4,2024-10-02,Debit Card,4.6,October,2024,795.8800000000001,11,Wholesale,West
ORD00128,C0265,Perfume,Beauty,49687.49,2,99374.98,2024-05-02,UPI,2.5,May,2024,19874.996,13,Online,South
ORD00129,C0114,Laptop,Electronics,11289.42,3,33868.26,2024-08-10,UPI,2.3,August,2024,6773.652000000001,12,Online,West
ORD00130,C0011,Dress,Clothing,27309.73,3,81929.19,2024-06-17,Net Banking,4.0,June,2024,16385.838,16,Wholesale,West
ORD00131,C0270,Laptop,Electronics,30374.4,5,151872.0,2025-01-11,Net Banking,1.8,January,2025,30374.4,6,Online,West
ORD00132,C0191,Shampoo,Beauty,15486.41,4,61945.64,2024-04-20,COD,5.0,April,2024,12389.128,5,Retail,South
ORD00133,C0003,Smartwatch,Electronics,33698.34,1,33698.34,2024-08-10,Debit Card,4.2,August,2024,6739.668,20,Retail,North
ORD00134,C0205,Dress,Clothing,42987.64,5,214938.2,2024-03-30,Wallet,3.7,March,2024,42987.64000000001,27,Wholesale,East
ORD00135,C0114,Smartwatch,Electronics,1104.25,5,5521.25,2024-11-28,UPI,3.8,November,2024,1104.25,27,Wholesale,West
ORD00136,C0223,Jacket,Clothing,14043.16,4,56172.64,2024-06-01,Wallet,3.1,June,2024,11234.528,28,Wholesale,North
ORD00137,C0152,Cookbook,Books,24032.88,1,24032.88,2024-10-28,Wallet,3.8,October,2024,4806.576,9,Retail,West
ORD00138,C0127,Face Cream,Beauty,32283.58,3,96850.74,2025-01-02,COD,4.4,January,2025,19370.148,7,Online,South
ORD00139,C0194,Lipstick,Beauty,3848.54,1,3848.54,2025-02-03,Net Banking,4.6,February,2025,769.7080000000001,16,Retail,North
ORD00140,C0194,Cookware Set,Home & Kitchen,48175.48,1,48175.48,2024-07-10,COD,1.5,July,2024,9635.096,12,Wholesale,South
ORD00141,C0025,Tablet,Electronics,2273.01,2,4546.02,2025-01-01,UPI,4.3,January,2025,909.2040000000002,26,Online,West
ORD00142,C0257,Jacket,Clothing,48346.41,3,145039.23,2025-01-27,Debit Card,1.4,January,2025,29007.846000000005,7,Online,West
ORD00143,C0014,Table Lamp,Home & Kitchen,8383.86,2,16767.72,2024-09-19,Wallet,3.1,September,2024,3353.5440000000003,5,Retail,South
ORD00144,C0033,Shampoo,Beauty,15344.02,1,15344.02,2024-05-16,UPI,4.0,May,2024,3068.804,7,Wholesale,East
ORD00145,C0180,Smartphone,Electronics,49142.57,4,196570.28,2024-03-04,UPI,4.9,March,2024,39314.056,9,Retail,South
ORD00146,C0285,Self-Help Book,Books,45182.27,5,225911.35,2024-03-30,Debit Card,3.1,March,2024,45182.27,19,Online,West
ORD00147,C0234,Jacket,Clothing,18309.06,2,36618.12,2024-05-11,Net Banking,1.9,May,2024,7323.624000000001,18,Retail,South
ORD00148,C0226,Smartwatch,Electronics,33021.1,4,132084.4,2024-08-21,Debit Card,4.4,August,2024,26416.88,7,Retail,East
ORD00149,C0131,Jacket,Clothing,42814.17,5,214070.85,2024-09-27,Debit Card,4.2,September,2024,42814.170000000006,5,Wholesale,South
ORD00150,C0052,Perfume,Beauty,5293.87,2,10587.74,2024-12-31,Debit Card,2.7,December,2024,2117.548,9,Wholesale,East
ORD00151,C0109,Fiction Novel,Books,16596.58,5,82982.9,2025-02-02,UPI,2.1,February,2025,16596.579999999998,30,Online,East
ORD00152,C0192,Sneakers,Clothing,48940.95,1,48940.95,2024-02-20,Net Banking,1.0,February,2024,9788.19,27,Retail,South
ORD00153,C0059,Jeans,Clothing,10059.45,5,50297.25,2024-03-23,COD,4.3,March,2024,10059.45,18,Retail,South
ORD00154,C0008,Perfume,Beauty,4820.8,1,4820.8,2024-12-10,Wallet,4.3,December,2024,964.16,11,Retail,North
ORD00155,C0239,Cookbook,Books,12087.35,4,48349.4,2024-11-21,UPI,2.6,November,2024,9669.88,13,Online,West
ORD00156,C0018,Face Cream,Beauty,43522.08,5,217610.4,2024-09-11,COD,4.8,September,2024,43522.08,19,Online,East
ORD00157,C0239,Smartwatch,Electronics,42409.26,1,42409.26,2024-08-25,Debit Card,2.0,August,2024,8481.852,19,Wholesale,North
ORD00158,C0083,Fiction Novel,Books,29882.47,5,149412.35,2024-06-22,Wallet,4.7,June,2024,29882.47,30,Wholesale,South
ORD00159,C0153,Smartwatch,Electronics,40233.28,5,201166.4,2025-01-05,Wallet,1.9,January,2025,40233.28,14,Wholesale,West
ORD00160,C0183,Sofa Cover,Home & Kitchen,15357.36,4,61429.44,2024-08-06,Debit Card,1.6,August,2024,12285.888,17,Retail,North
ORD00161,C0009,Self-Help Book,Books,10565.57,4,42262.28,2024-07-04,Net Banking,1.5,July,2024,8452.456,23,Retail,East
ORD00162,C0175,Fiction Novel,Books,42533.26,4,170133.04,2024-11-28,Debit Card,4.6,November,2024,34026.608,11,Wholesale,North
ORD00163,C0009,Mixer Grinder,Home & Kitchen,18426.9,4,73707.6,2024-10-18,Debit Card,4.7,October,2024,14741.520000000002,21,Retail,East
ORD00164,C0069,Perfume,Beauty,23369.23,1,23369.23,2024-11-23,Credit Card,1.5,November,2024,4673.8460000000005,24,Wholesale,South
ORD00165,C0279,Perfume,Beauty,2735.32,5,13676.6,2024-12-20,Wallet,2.6,December,2024,2735.32,8,Online,West
ORD00166,C0249,Laptop,Electronics,48944.01,3,146832.03,2024-07-04,COD,4.2,July,2024,29366.406000000003,9,Wholesale,West
ORD00167,C0003,Hair Dryer,Beauty,32590.46,2,65180.92,2024-04-11,Net Banking,2.4,April,2024,13036.184,27,Online,West
ORD00168,C0236,Hair Dryer,Beauty,35286.97,2,70573.94,2024-10-09,Net Banking,3.3,October,2024,14114.788,11,Retail,South
ORD00169,C0111,Fiction Novel,Books,42881.03,3,128643.09,2024-11-29,Net Banking,4.4,November,2024,25728.618,17,Wholesale,East
ORD00170,C0016,Shampoo,Beauty,28246.25,2,56492.5,2024-06-03,Net Banking,2.3,June,2024,11298.5,19,Retail,South
ORD00171,C0094,Shampoo,Beauty,24619.84,2,49239.68,2024-12-06,Debit Card,4.1,December,2024,9847.936000000002,15,Online,West
ORD00172,C0263,Dress,Clothing,12083.96,3,36251.88,2024-11-23,Wallet,3.0,November,2024,7250.376,8,Online,South
ORD00173,C0264,Self-Help Book,Books,12214.72,5,61073.6,2025-01-14,UPI,2.1,January,2025,12214.72,17,Online,South
ORD00174,C0051,Fiction Novel,Books,19386.27,1,19386.27,2024-07-16,COD,4.1,July,2024,3877.254,11,Retail,South
ORD00175,C0224,Educational Book,Books,34879.4,3,104638.2,2024-04-12,UPI,2.5,April,2024,20927.64,23,Retail,East
ORD00176,C0177,Laptop,Electronics,32016.11,5,160080.55,2024-09-27,Debit Card,4.3,September,2024,32016.11,26,Retail,North
ORD00177,C0067,T-Shirt,Clothing,32264.17,1,32264.17,2024-07-22,Net Banking,4.1,July,2024,6452.834,6,Retail,North
ORD00178,C0047,Shampoo,Beauty,30171.74,4,120686.96,2024-07-29,Net Banking,3.8,July,2024,24137.392000000003,14,Online,South
ORD00179,C0174,Dress,Clothing,22712.18,5,113560.9,2025-01-24,COD,3.9,January,2025,22712.18,17,Online,North
ORD00180,C0276,Comic Book,Books,27204.69,1,27204.69,2025-02-09,Debit Card,2.8,February,2025,5440.938,29,Wholesale,North
ORD00181,C0173,Educational Book,Books,17353.47,1,17353.47,2024-12-04,Credit Card,2.6,December,2024,3470.6940000000004,25,Wholesale,South
ORD00182,C0196,Sofa Cover,Home & Kitchen,44882.2,1,44882.2,2024-05-11,COD,1.3,May,2024,8976.44,10,Retail,South
ORD00183,C0138,Sofa Cover,Home & Kitchen,47002.72,3,141008.16,2024-03-05,Debit Card,4.1,March,2024,28201.632,16,Online,West
ORD00184,C0257,Lipstick,Beauty,33659.67,4,134638.68,2024-07-05,Wallet,3.3,July,2024,26927.736,16,Online,North
ORD00185,C0294,Sofa Cover,Home & Kitchen,13011.44,2,26022.88,2024-06-25,Wallet,4.9,June,2024,5204.576000000001,24,Online,East
ORD00186,C0155,Smartphone,Electronics,21990.25,3,65970.75,2025-01-12,Wallet,4.2,January,2025,13194.15,15,Wholesale,South
ORD00187,C0161,Perfume,Beauty,1927.38,3,5782.14,2024-08-31,Debit Card,2.9,August,2024,1156.428,30,Wholesale,West
ORD00188,C0064,Laptop,Electronics,21741.53,3,65224.59,2024-12-02,COD,3.5,December,2024,13044.918,27,Online,East
ORD00189,C0217,Sneakers,Clothing,23638.72,1,23638.72,2024-09-24,Credit Card,1.5,September,2024,4727.744000000001,29,Online,North
ORD00190,C0028,Hair Dryer,Beauty,39372.11,1,39372.11,2024-04-13,Wallet,4.1,April,2024,7874.422,11,Online,West
ORD00191,C0216,Fiction Novel,Books,49088.13,4,196352.52,2024-03-06,Wallet,2.3,March,2024,39270.504,5,Wholesale,South
ORD00192,C0108,Cookware Set,Home & Kitchen,4524.63,3,13573.89,2024-12-19,UPI,2.4,December,2024,2714.778,5,Online,East
ORD00193,C0222,Sneakers,Clothing,1507.01,3,4521.03,2024-08-02,Net Banking,2.5,August,2024,904.206,29,Online,South
ORD00194,C0298,Tablet,Electronics,39699.85,3,119099.55,2024-05-14,Wallet,3.9,May,2024,23819.910000000003,29,Retail,North
ORD00195,C0139,Face Cream,Beauty,37494.13,5,187470.65,2024-10-01,COD,1.8,October,2024,37494.13,24,Retail,East
ORD00196,C0270,Smartphone,Electronics,5850.81,5,29254.05,2024-11-28,COD,1.3,November,2024,5850.81,17,Wholesale,North
ORD00197,C0147,Self-Help Book,Books,16448.74,4,65794.96,2024-09-04,Net Banking,4.6,September,2024,13158.992000000002,13,Online,North
ORD00198,C0165,Smartwatch,Electronics,11103.44,1,11103.44,2024-05-09,Wallet,1.1,May,2024,2220.688,7,Online,West
ORD00199,C0254,Self-Help Book,Books,34255.39,2,68510.78,2024-02-18,UPI,2.9,February,2024,13702.156,11,Retail,South
ORD00200,C0121,Smartwatch,Electronics,18304.18,2,36608.36,2024-09-30,Debit Card,1.6,September,2024,7321.672,10,Wholesale,East
ORD00201,C0179,Table Lamp,Home & Kitchen,12771.91,2,25543.82,2024-07-11,Wallet,3.2,July,2024,5108.764,12,Retail,North
ORD00202,C0187,Comic Book,Books,2275.09,2,4550.18,2024-06-27,Debit Card,1.5,June,2024,910.036,13,Retail,North
ORD00203,C0214,Sneakers,Clothing,16468.59,4,65874.36,2024-10-24,Net Banking,4.5,October,2024,13174.872,9,Retail,East
ORD00204,C0169,Cookware Set,Home & Kitchen,4934.99,3,14804.97,2024-10-16,Credit Card,4.6,October,2024,2960.994,5,Retail,North
ORD00205,C0148,Table Lamp,Home & Kitchen,5258.29,5,26291.45,2024-08-23,Wallet,2.5,August,2024,5258.290000000001,23,Online,West
ORD00206,C0273,Hair Dryer,Beauty,32580.0,5,162900.0,2024-03-27,COD,2.7,March,2024,32580.0,14,Online,West
ORD00207,C0221,Sofa Cover,Home & Kitchen,40298.9,1,40298.9,2024-06-17,Debit Card,1.2,June,2024,8059.780000000001,16,Retail,West
ORD00208,C0094,Tablet,Electronics,11236.19,3,33708.57,2024-11-02,COD,2.6,November,2024,6741.714,28,Wholesale,West
ORD00209,C0207,Self-Help Book,Books,32537.46,5,162687.3,2024-10-28,UPI,3.4,October,2024,32537.46,19,Wholesale,North
ORD00210,C0150,Jeans,Clothing,6953.88,1,6953.88,2024-05-14,UPI,2.9,May,2024,1390.776,26,Wholesale,East
ORD00211,C0134,Bedsheet,Home & Kitchen,32824.05,3,98472.15,2024-09-02,Credit Card,3.6,September,2024,19694.43,28,Wholesale,East
ORD00212,C0132,Sneakers,Clothing,34459.99,3,103379.97,2024-10-05,Debit Card,1.4,October,2024,20675.994,13,Retail,East
ORD00213,C0110,Educational Book,Books,13608.58,3,40825.74,2024-04-05,UPI,4.6,April,2024,8165.148,24,Online,East
ORD00214,C0064,Mixer Grinder,Home & Kitchen,32630.83,2,65261.66,2024-12-22,UPI,4.7,December,2024,13052.332000000002,21,Wholesale,South
ORD00215,C0164,Laptop,Electronics,24818.77,4,99275.08,2024-11-14,Debit Card,2.3,November,2024,19855.016000000003,21,Retail,East
ORD00216,C0197,Cookbook,Books,36645.35,3,109936.05,2024-12-26,Debit Card,2.5,December,2024,21987.210000000003,30,Wholesale,South
ORD00217,C0236,Jeans,Clothing,25668.96,3,77006.88,2024-06-08,Debit Card,4.8,June,2024,15401.376000000002,24,Wholesale,South
ORD00218,C0115,Dress,Clothing,44241.68,4,176966.72,2024-09-18,COD,1.4,September,2024,35393.344000000005,16,Retail,West
ORD00219,C0037,Headphones,Electronics,39749.19,1,39749.19,2024-07-19,COD,3.5,July,2024,7949.838000000001,11,Online,South
ORD00220,C0176,Tablet,Electronics,37578.46,2,75156.92,2024-06-08,Net Banking,4.4,June,2024,15031.384,6,Online,North
ORD00221,C0013,Smartphone,Electronics,37203.65,4,148814.6,2024-05-14,Wallet,3.5,May,2024,29762.92,7,Retail,South
ORD00222,C0271,Self-Help Book,Books,22851.63,1,22851.63,2024-05-14,Wallet,1.0,May,2024,4570.326,21,Online,West
ORD00223,C0056,Hair Dryer,Beauty,27627.84,4,110511.36,2024-03-30,UPI,1.8,March,2024,22102.272,9,Retail,South
ORD00224,C0202,Self-Help Book,Books,31333.95,3,94001.85,2024-08-21,Debit Card,1.7,August,2024,18800.370000000003,21,Retail,North
ORD00225,C0210,Bedsheet,Home & Kitchen,30911.44,5,154557.2,2024-04-06,Debit Card,3.0,April,2024,30911.44,28,Retail,North
ORD00226,C0299,Laptop,Electronics,11518.23,1,11518.23,2025-01-30,Debit Card,4.4,January,2025,2303.646,21,Online,North
ORD00227,C0233,Jeans,Clothing,43304.55,5,216522.75,2024-12-28,UPI,2.6,December,2024,43304.55,21,Retail,West
ORD00228,C0198,Self-Help Book,Books,3710.07,3,11130.21,2024-02-20,Credit Card,4.2,February,2024,2226.042,6,Wholesale,West
ORD00229,C0211,Perfume,Beauty,34621.21,2,69242.42,2025-01-06,Wallet,1.8,January,2025,13848.484,6,Online,East
ORD00230,C0159,Headphones,Electronics,41742.29,5,208711.45,2024-07-15,COD,2.6,July,2024,41742.29000000001,26,Online,West
ORD00231,C0086,Bedsheet,Home & Kitchen,46858.63,1,46858.63,2024-11-02,Debit Card,3.5,November,2024,9371.726,27,Online,North
ORD00232,C0253,Smartwatch,Electronics,5413.09,1,5413.09,2024-05-20,UPI,3.4,May,2024,1082.6180000000002,9,Online,North
ORD00233,C0244,Laptop,Electronics,5880.45,1,5880.45,2024-09-09,Net Banking,2.0,September,2024,1176.09,5,Wholesale,West
ORD00234,C0082,Comic Book,Books,35665.26,3,106995.78,2024-03-30,Wallet,1.2,March,2024,21399.156000000003,5,Online,South
ORD00235,C0126,Headphones,Electronics,42981.89,5,214909.45,2025-01-02,Credit Card,1.8,January,2025,42981.89000000001,23,Online,West
ORD00236,C0182,Comic Book,Books,25629.88,3,76889.64,2024-09-03,Debit Card,2.9,September,2024,15377.928,6,Retail,West
ORD00237,C0192,Perfume,Beauty,22475.94,4,89903.76,2024-02-13,Debit Card,3.5,February,2024,17980.752,25,Online,North
ORD00238,C0145,Sofa Cover,Home & Kitchen,33250.7,5,166253.5,2024-10-19,Wallet,4.3,October,2024,33250.700000000004,16,Wholesale,East
ORD00239,C0025,Cookbook,Books,45045.03,5,225225.15,2025-01-02,Net Banking,3.8,January,2025,45045.03,30,Wholesale,North
ORD00240,C0255,Bedsheet,Home & Kitchen,3955.86,5,19779.3,2024-06-18,Net Banking,4.7,June,2024,3955.86,10,Wholesale,East
ORD00241,C0289,Perfume,Beauty,28169.11,5,140845.55,2024-05-04,UPI,2.7,May,2024,28169.11,27,Wholesale,North
ORD00242,C0131,Face Cream,Beauty,42785.51,4,171142.04,2024-11-13,COD,1.7,November,2024,34228.408,8,Online,West
ORD00243,C0269,Smartphone,Electronics,25614.35,2,51228.7,2024-08-12,Wallet,3.5,August,2024,10245.74,27,Online,North
ORD00244,C0213,Mixer Grinder,Home & Kitchen,7771.58,5,38857.9,2024-08-17,Debit Card,3.6,August,2024,7771.580000000001,15,Wholesale,North
ORD00245,C0009,Cookbook,Books,31059.47,3,93178.41,2024-05-15,Wallet,4.8,May,2024,18635.682,28,Wholesale,North
ORD00246,C0244,Educational Book,Books,14506.11,5,72530.55,2024-06-16,Debit Card,3.5,June,2024,14506.11,21,Online,West
ORD00247,C0207,Smartwatch,Electronics,16272.38,3,48817.14,2024-06-15,Debit Card,1.4,June,2024,9763.428,10,Wholesale,West
ORD00248,C0231,T-Shirt,Clothing,29222.92,3,87668.76,2024-10-16,Debit Card,2.7,October,2024,17533.752,28,Retail,West
ORD00249,C0209,Educational Book,Books,1483.5,5,7417.5,2024-11-04,Debit Card,4.3,November,2024,1483.5,9,Wholesale,West
ORD00250,C0290,Self-Help Book,Books,35629.55,2,71259.1,2025-02-01,Wallet,2.0,February,2025,14251.820000000002,24,Wholesale,East
ORD00251,C0165,Jacket,Clothing,1987.98,4,7951.92,2024-02-23,UPI,3.3,February,2024,1590.384,6,Retail,East
ORD00252,C0278,Educational Book,Books,37590.44,4,150361.76,2024-03-28,Wallet,1.8,March,2024,30072.352000000003,10,Retail,South
ORD00253,C0164,Mixer Grinder,Home & Kitchen,31759.49,4,127037.96,2024-12-11,UPI,2.0,December,2024,25407.592000000004,26,Online,West
ORD00254,C0173,Shampoo,Beauty,18787.05,4,75148.2,2025-01-27,Credit Card,1.1,January,2025,15029.64,15,Online,East
ORD00255,C0270,Educational Book,Books,17066.16,1,17066.16,2024-09-15,Wallet,2.8,September,2024,3413.232,20,Retail,North
ORD00256,C0236,Jacket,Clothing,15068.72,4,60274.88,2024-03-23,Debit Card,1.4,March,2024,12054.976,20,Retail,West
ORD00257,C0045,Smartphone,Electronics,44334.11,3,133002.33,2024-02-24,Wallet,2.6,February,2024,26600.466,5,Online,South
ORD00258,C0041,Smartphone,Electronics,11183.75,1,11183.75,2024-11-15,Credit Card,4.9,November,2024,2236.75,13,Wholesale,South
ORD00259,C0191,Cookware Set,Home & Kitchen,2923.95,5,14619.75,2024-08-16,Net Banking,1.1,August,2024,2923.9500000000003,10,Retail,South
ORD00260,C0136,Shampoo,Beauty,7339.66,2,14679.32,2024-11-29,Net Banking,1.1,November,2024,2935.864,20,Online,North
ORD00261,C0170,Table Lamp,Home & Kitchen,41405.37,2,82810.74,2024-10-06,Wallet,4.6,October,2024,16562.148,7,Wholesale,East
ORD00262,C0209,Mixer Grinder,Home & Kitchen,36114.38,1,36114.38,2024-09-01,Net Banking,4.6,September,2024,7222.876,24,Retail,North
ORD00263,C0184,Smartphone,Electronics,19915.59,5,99577.95,2024-09-06,COD,1.2,September,2024,19915.59,8,Wholesale,West
ORD00264,C0079,Smartphone,Electronics,18366.97,4,73467.88,2024-05-22,COD,1.2,May,2024,14693.576,23,Online,South
ORD00265,C0271,Smartphone,Electronics,8563.14,2,17126.28,2024-03-03,COD,3.1,March,2024,3425.256,30,Retail,North
ORD00266,C0049,Hair Dryer,Beauty,40461.79,1,40461.79,2024-05-19,Credit Card,4.9,May,2024,8092.358,7,Wholesale,North
ORD00267,C0088,Jacket,Clothing,6943.4,5,34717.0,2024-07-16,Debit Card,1.5,July,2024,6943.400000000001,23,Retail,East
ORD00268,C0259,Shampoo,Beauty,14517.08,1,14517.08,2024-05-19,UPI,3.0,May,2024,2903.416,24,Wholesale,East
ORD00269,C0293,Tablet,Electronics,4248.25,5,21241.25,2024-07-19,Wallet,4.1,July,2024,4248.25,11,Online,South
ORD00270,C0296,Mixer Grinder,Home & Kitchen,43118.73,5,215593.65,2024-12-12,Debit Card,3.1,December,2024,43118.73,24,Online,North
ORD00271,C0278,Dress,Clothing,10086.76,2,20173.52,2024-03-26,Wallet,1.9,March,2024,4034.704,13,Retail,North
ORD00272,C0164,Face Cream,Beauty,35373.5,4,141494.0,2024-08-09,Credit Card,2.9,August,2024,28298.800000000003,5,Wholesale,East
ORD00273,C0170,Table Lamp,Home & Kitchen,43002.68,3,129008.04,2024-04-05,UPI,4.2,April,2024,25801.608,12,Retail,North
ORD00274,C0005,Laptop,Electronics,46388.81,1,46388.81,2024-02-21,COD,4.4,February,2024,9277.762,11,Retail,North
ORD00275,C0165,Cookbook,Books,47384.51,3,142153.53,2024-05-29,Net Banking,1.5,May,2024,28430.706,22,Wholesale,North
ORD00276,C0069,Jacket,Clothing,15826.47,2,31652.94,2024-07-13,Net Banking,4.4,July,2024,6330.588,12,Wholesale,East
ORD00277,C0248,Shampoo,Beauty,33927.57,5,169637.85,2025-02-02,Wallet,2.6,February,2025,33927.57,5,Wholesale,South
ORD00278,C0159,Tablet,Electronics,27400.84,1,27400.84,2025-02-07,Net Banking,3.6,February,2025,5480.168000000001,15,Online,West
ORD00279,C0188,Tablet,Electronics,37684.28,4,150737.12,2024-04-02,COD,3.2,April,2024,30147.424,29,Retail,South
ORD00280,C0175,Sneakers,Clothing,22968.18,4,91872.72,2025-01-23,Net Banking,4.1,January,2025,18374.544,29,Retail,West
ORD00281,C0082,Sofa Cover,Home & Kitchen,43444.93,1,43444.93,2025-01-10,Wallet,4.0,January,2025,8688.986,22,Online,North
ORD00282,C0094,Headphones,Electronics,36083.22,3,108249.66,2024-07-25,Credit Card,2.9,July,2024,21649.932,27,Wholesale,South
ORD00283,C0077,Cookware Set,Home & Kitchen,43043.82,5,215219.1,2024-11-09,Wallet,4.1,November,2024,43043.82000000001,14,Online,West
ORD00284,C0029,Smartwatch,Electronics,1517.63,4,6070.52,2024-11-10,COD,2.0,November,2024,1214.104,7,Online,East
ORD00285,C0150,Fiction Novel,Books,1626.1,5,8130.5,2024-11-15,Credit Card,2.8,November,2024,1626.1,11,Online,East
ORD00286,C0149,T-Shirt,Clothing,40384.62,1,40384.62,2024-04-27,UPI,4.2,April,2024,8076.924000000001,20,Retail,South
ORD00287,C0048,T-Shirt,Clothing,37295.08,1,37295.08,2025-02-06,UPI,4.0,February,2025,7459.016,30,Online,South
ORD00288,C0074,Sneakers,Clothing,13915.5,3,41746.5,2024-07-02,Net Banking,3.9,July,2024,8349.300000000001,20,Retail,North
ORD00289,C0167,Smartphone,Electronics,23625.05,2,47250.1,2024-07-07,Debit Card,2.0,July,2024,9450.02,29,Retail,South
ORD00290,C0133,Mixer Grinder,Home & Kitchen,464.18,3,1392.54,2024-08-02,Debit Card,4.1,August,2024,278.508,24,Retail,North
ORD00291,C0043,T-Shirt,Clothing,26667.15,2,53334.3,2024-11-05,Credit Card,1.9,November,2024,10666.86,21,Wholesale,North
ORD00292,C0122,Fiction Novel,Books,29093.02,2,58186.04,2024-11-01,Debit Card,3.7,November,2024,11637.208,6,Retail,East
ORD00293,C0102,Jacket,Clothing,44770.65,3,134311.95,2024-12-12,Wallet,3.5,December,2024,26862.390000000003,5,Retail,East
ORD00294,C0249,Bedsheet,Home & Kitchen,32749.9,1,32749.9,2024-08-02,Net Banking,3.8,August,2024,6549.9800000000005,20,Wholesale,West
ORD00295,C0280,Educational Book,Books,4990.66,3,14971.98,2024-05-30,Wallet,4.6,May,2024,2994.396,16,Retail,East
ORD00296,C0110,T-Shirt,Clothing,11044.89,3,33134.67,2024-11-25,Wallet,1.5,November,2024,6626.934,9,Online,East
ORD00297,C0015,Fiction Novel,Books,46032.16,5,230160.8,2024-12-08,Debit Card,4.4,December,2024,46032.16,9,Online,South
ORD00298,C0164,Educational Book,Books,43965.67,3,131897.01,2024-08-25,Debit Card,1.1,August,2024,26379.402,27,Retail,East
ORD00299,C0052,T-Shirt,Clothing,6037.98,2,12075.96,2024-05-25,COD,3.6,May,2024,2415.192,13,Wholesale,West
ORD00300,C0148,Comic Book,Books,22747.82,3,68243.46,2024-09-20,Debit Card,4.5,September,2024,13648.692000000005,13,Online,South
ORD00301,C0051,Headphones,Electronics,26615.92,2,53231.84,2024-06-21,COD,2.3,June,2024,10646.368,7,Wholesale,West
ORD00302,C0017,Face Cream,Beauty,48234.31,2,96468.62,2024-07-08,Debit Card,1.8,July,2024,19293.724,23,Wholesale,East
ORD00303,C0173,Table Lamp,Home & Kitchen,24172.56,1,24172.56,2024-12-20,UPI,3.1,December,2024,4834.512000000001,20,Online,West
ORD00304,C0092,Fiction Novel,Books,16385.37,3,49156.11,2024-02-24,Wallet,1.6,February,2024,9831.222000000002,20,Wholesale,South
ORD00305,C0221,T-Shirt,Clothing,29527.22,3,88581.66,2024-03-30,COD,1.2,March,2024,17716.332000000002,7,Online,North
ORD00306,C0163,Table Lamp,Home & Kitchen,42516.65,3,127549.95,2024-04-28,Net Banking,1.8,April,2024,25509.99,24,Wholesale,West
ORD00307,C0248,Comic Book,Books,27175.37,5,135876.85,2024-08-02,COD,3.9,August,2024,27175.370000000003,28,Online,West
ORD00308,C0254,Dress,Clothing,25379.68,4,101518.72,2024-10-06,Wallet,3.5,October,2024,20303.744,26,Retail,South
ORD00309,C0029,Educational Book,Books,29568.18,3,88704.54,2025-01-12,Credit Card,1.3,January,2025,17740.908,28,Online,South
ORD00310,C0225,Fiction Novel,Books,23562.27,2,47124.54,2024-12-23,Credit Card,4.9,December,2024,9424.908,5,Online,West
ORD00311,C0263,Dress,Clothing,19134.26,2,38268.52,2024-02-12,COD,4.6,February,2024,7653.704,28,Online,East
ORD00312,C0054,Fiction Novel,Books,10176.11,5,50880.55,2024-08-17,Net Banking,2.1,August,2024,10176.11,24,Online,West
ORD00313,C0252,Laptop,Electronics,48177.16,3,144531.48,2024-03-05,Net Banking,1.7,March,2024,28906.296,15,Wholesale,South
ORD00314,C0198,Mixer Grinder,Home & Kitchen,6119.31,5,30596.55,2024-03-07,Net Banking,1.5,March,2024,6119.31,21,Retail,North
ORD00315,C0199,Shampoo,Beauty,6015.13,1,6015.13,2024-08-26,Credit Card,1.9,August,2024,1203.026,12,Online,North
ORD00316,C0243,T-Shirt,Clothing,41198.84,4,164795.36,2024-04-08,Credit Card,3.0,April,2024,32959.072,8,Wholesale,East
ORD00317,C0001,Cookbook,Books,11527.7,3,34583.1,2024-11-30,Net Banking,1.8,November,2024,6916.62,10,Retail,West
ORD00318,C0281,Smartwatch,Electronics,27749.19,4,110996.76,2025-01-22,Wallet,2.5,January,2025,22199.352,12,Retail,North
ORD00319,C0135,Smartphone,Electronics,14014.82,1,14014.82,2024-11-23,Credit Card,4.6,November,2024,2802.964,24,Retail,West
ORD00320,C0136,Smartphone,Electronics,23293.14,2,46586.28,2024-06-08,UPI,4.1,June,2024,9317.256,7,Retail,South
ORD00321,C0016,Sneakers,Clothing,38592.49,5,192962.45,2024-10-13,Wallet,3.2,October,2024,38592.490000000005,20,Online,North
ORD00322,C0261,Smartphone,Electronics,39898.86,1,39898.86,2024-06-03,Wallet,1.8,June,2024,7979.772000000001,29,Online,East
ORD00323,C0110,Educational Book,Books,39842.5,2,79685.0,2024-10-10,Debit Card,4.4,October,2024,15937.0,7,Wholesale,South
ORD00324,C0283,Fiction Novel,Books,30395.25,1,30395.25,2024-04-07,COD,1.1,April,2024,6079.05,29,Wholesale,East
ORD00325,C0038,Face Cream,Beauty,36560.32,5,182801.6,2025-01-01,Net Banking,2.5,January,2025,36560.32,22,Wholesale,South
ORD00326,C0168,Cookware Set,Home & Kitchen,44248.09,1,44248.09,2024-02-19,Net Banking,3.1,February,2024,8849.618,18,Retail,North
ORD00327,C0184,Tablet,Electronics,18386.26,1,18386.26,2024-10-06,Credit Card,1.4,October,2024,3677.252,22,Retail,East
ORD00328,C0246,Jacket,Clothing,33683.4,1,33683.4,2025-01-08,Debit Card,3.8,January,2025,6736.68,6,Online,East
ORD00329,C0108,Hair Dryer,Beauty,49561.57,3,148684.71,2024-04-03,Net Banking,3.5,April,2024,29736.942,26,Retail,South
ORD00330,C0184,Face Cream,Beauty,18551.65,2,37103.3,2024-03-30,Credit Card,2.6,March,2024,7420.660000000001,7,Retail,East
ORD00331,C0223,Headphones,Electronics,12249.35,5,61246.75,2025-01-29,Wallet,2.9,January,2025,12249.35,20,Retail,South
ORD00332,C0226,Jeans,Clothing,35305.39,1,35305.39,2024-06-10,UPI,2.2,June,2024,7061.078,13,Wholesale,South
ORD00333,C0088,Smartwatch,Electronics,16790.46,5,83952.3,2024-08-27,Net Banking,4.3,August,2024,16790.460000000003,8,Wholesale,South
ORD00334,C0039,Jacket,Clothing,26096.96,4,104387.84,2024-03-28,Debit Card,3.5,March,2024,20877.568,5,Online,South
ORD00335,C0284,Self-Help Book,Books,34361.96,5,171809.8,2024-03-22,Net Banking,4.4,March,2024,34361.96,8,Retail,North
ORD00336,C0206,Table Lamp,Home & Kitchen,46079.49,5,230397.45,2024-02-28,Net Banking,3.7,February,2024,46079.490000000005,5,Retail,South
ORD00337,C0111,Mixer Grinder,Home & Kitchen,47053.44,2,94106.88,2024-06-05,COD,3.0,June,2024,18821.376,18,Online,West
ORD00338,C0112,Tablet,Electronics,18905.94,3,56717.82,2024-08-14,UPI,4.5,August,2024,11343.564,25,Retail,East
ORD00339,C0100,Hair Dryer,Beauty,30977.18,3,92931.54,2024-11-08,UPI,3.3,November,2024,18586.308,20,Retail,West
ORD00340,C0172,Table Lamp,Home & Kitchen,41841.57,2,83683.14,2024-05-27,COD,1.1,May,2024,16736.628,24,Wholesale,North
ORD00341,C0065,Laptop,Electronics,4277.15,4,17108.6,2024-08-12,COD,2.1,August,2024,3421.72,28,Online,West
ORD00342,C0170,Sofa Cover,Home & Kitchen,15648.85,2,31297.7,2025-02-03,Credit Card,4.4,February,2025,6259.540000000001,12,Online,East
ORD00343,C0022,Headphones,Electronics,26992.72,3,80978.16,2024-02-15,Wallet,1.1,February,2024,16195.632,11,Online,West
ORD00344,C0072,Headphones,Electronics,49586.31,4,198345.24,2024-05-03,UPI,4.3,May,2024,39669.048,7,Online,North
ORD00345,C0253,Tablet,Electronics,37181.04,1,37181.04,2024-03-21,Wallet,1.2,March,2024,7436.208,21,Wholesale,South
ORD00346,C0063,Sneakers,Clothing,46090.65,4,184362.6,2025-01-25,UPI,3.3,January,2025,36872.52,5,Wholesale,West
ORD00347,C0158,Educational Book,Books,48151.09,4,192604.36,2024-07-23,UPI,2.9,July,2024,38520.872,20,Retail,North
ORD00348,C0202,Smartwatch,Electronics,8197.47,2,16394.94,2024-09-28,Wallet,3.0,September,2024,3278.988,16,Retail,North
ORD00349,C0154,Cookware Set,Home & Kitchen,40679.29,2,81358.58,2024-07-13,Wallet,1.5,July,2024,16271.716,23,Retail,East
ORD00350,C0176,Perfume,Beauty,45012.71,3,135038.13,2024-10-15,UPI,4.9,October,2024,27007.626000000004,26,Retail,East
ORD00351,C0022,Perfume,Beauty,5127.02,3,15381.06,2025-02-07,Debit Card,4.5,February,2025,3076.212,27,Wholesale,West
ORD00352,C0032,Laptop,Electronics,13954.48,3,41863.44,2025-01-12,UPI,1.5,January,2025,8372.688,26,Online,South
ORD00353,C0135,T-Shirt,Clothing,26166.89,4,104667.56,2024-09-06,Credit Card,3.7,September,2024,20933.512,18,Wholesale,North
ORD00354,C0013,Hair Dryer,Beauty,45072.69,2,90145.38,2024-12-30,Wallet,2.6,December,2024,18029.076,10,Retail,West
ORD00355,C0279,T-Shirt,Clothing,33543.19,2,67086.38,2024-03-09,UPI,3.7,March,2024,13417.276000000002,10,Wholesale,North
ORD00356,C0071,Self-Help Book,Books,34116.23,3,102348.69,2024-03-20,Wallet,1.4,March,2024,20469.738,17,Online,North
ORD00357,C0256,Self-Help Book,Books,15466.4,5,77332.0,2024-07-29,Wallet,2.9,July,2024,15466.4,23,Online,South
ORD00358,C0004,Laptop,Electronics,19879.4,4,79517.6,2024-03-15,Debit Card,3.2,March,2024,15903.520000000002,26,Wholesale,South
ORD00359,C0201,Sofa Cover,Home & Kitchen,11914.15,2,23828.3,2024-06-10,Wallet,2.4,June,2024,4765.66,12,Wholesale,West
ORD00360,C0034,Dress,Clothing,7936.32,4,31745.28,2024-09-21,Credit Card,1.5,September,2024,6349.0560000000005,6,Wholesale,South
ORD00361,C0035,Educational Book,Books,7633.85,2,15267.7,2024-09-01,Net Banking,3.8,September,2024,3053.5400000000004,25,Retail,South
ORD00362,C0143,Face Cream,Beauty,2470.82,4,9883.28,2024-05-26,UPI,2.0,May,2024,1976.656,5,Wholesale,West
ORD00363,C0176,Sofa Cover,Home & Kitchen,908.47,3,2725.41,2024-09-27,COD,4.6,September,2024,545.082,19,Wholesale,South
ORD00364,C0174,Table Lamp,Home & Kitchen,14102.56,4,56410.24,2024-09-20,COD,2.9,September,2024,11282.048,5,Wholesale,East
ORD00365,C0040,Laptop,Electronics,23287.93,4,93151.72,2024-08-14,Debit Card,2.0,August,2024,18630.344,9,Online,North
ORD00366,C0092,Mixer Grinder,Home & Kitchen,41333.21,1,41333.21,2025-01-28,Net Banking,4.0,January,2025,8266.642,20,Online,North
ORD00367,C0197,Educational Book,Books,35304.99,1,35304.99,2024-08-06,COD,2.0,August,2024,7060.998,23,Retail,North
ORD00368,C0299,Jeans,Clothing,22335.58,2,44671.16,2024-07-31,Wallet,3.8,July,2024,8934.232000000002,8,Retail,North
ORD00369,C0025,Cookware Set,Home & Kitchen,40486.08,5,202430.4,2024-11-26,Wallet,3.6,November,2024,40486.08,7,Online,West
ORD00370,C0183,Educational Book,Books,20353.4,1,20353.4,2024-07-07,UPI,2.9,July,2024,4070.68,21,Online,North
ORD00371,C0188,Laptop,Electronics,2258.27,3,6774.81,2024-10-24,Wallet,4.8,October,2024,1354.9620000000002,21,Online,North
ORD00372,C0281,Smartphone,Electronics,704.55,5,3522.75,2024-05-28,Debit Card,4.0,May,2024,704.5500000000001,16,Wholesale,North
ORD00373,C0031,Table Lamp,Home & Kitchen,38629.0,1,38629.0,2024-07-15,Net Banking,4.0,July,2024,7725.8,18,Wholesale,North
ORD00374,C0268,Fiction Novel,Books,37303.26,4,149213.04,2025-01-07,COD,2.9,January,2025,29842.608000000004,25,Online,East
ORD00375,C0038,Smartphone,Electronics,11507.22,4,46028.88,2024-04-17,Debit Card,1.4,April,2024,9205.776,10,Wholesale,North
ORD00376,C0114,Table Lamp,Home & Kitchen,48710.25,1,48710.25,2024-10-06,Credit Card,1.7,October,2024,9742.05,7,Wholesale,East
ORD00377,C0103,Educational Book,Books,20075.81,1,20075.81,2024-06-12,Debit Card,4.9,June,2024,4015.162,13,Retail,West
ORD00378,C0029,Comic Book,Books,8448.77,2,16897.54,2024-05-12,UPI,3.8,May,2024,3379.5080000000003,9,Online,South
ORD00379,C0060,Sneakers,Clothing,29310.76,4,117243.04,2024-07-03,Wallet,4.4,July,2024,23448.608,28,Online,North
ORD00380,C0031,Educational Book,Books,708.78,4,2835.12,2024-11-29,COD,2.0,November,2024,567.024,21,Wholesale,South
ORD00381,C0255,Jacket,Clothing,24062.33,4,96249.32,2025-01-19,Debit Card,1.1,January,2025,19249.864,18,Online,South
ORD00382,C0222,Sneakers,Clothing,27827.66,1,27827.66,2024-06-18,COD,4.5,June,2024,5565.532,25,Retail,West
ORD00383,C0137,Smartwatch,Electronics,40862.87,2,81725.74,2024-05-22,Debit Card,1.4,May,2024,16345.148,7,Retail,South
ORD00384,C0079,Sneakers,Clothing,11399.26,2,22798.52,2024-02-17,Net Banking,1.0,February,2024,4559.704000000001,5,Retail,East
ORD00385,C0207,Hair Dryer,Beauty,5463.13,1,5463.13,2024-06-30,Debit Card,3.9,June,2024,1092.626,24,Online,South
ORD00386,C0232,Comic Book,Books,8644.99,5,43224.95,2024-07-17,Debit Card,4.3,July,2024,8644.99,25,Online,South
ORD00387,C0092,Headphones,Electronics,27481.15,2,54962.3,2024-10-27,COD,3.2,October,2024,10992.46,27,Online,South
ORD00388,C0049,Self-Help Book,Books,47819.23,4,191276.92,2024-06-03,Wallet,1.1,June,2024,38255.384000000005,5,Online,North
ORD00389,C0188,Lipstick,Beauty,7145.81,4,28583.24,2024-03-09,Wallet,1.9,March,2024,5716.648000000001,7,Online,North
ORD00390,C0094,Headphones,Electronics,29847.4,3,89542.2,2024-06-04,Debit Card,2.9,June,2024,17908.44,22,Retail,East
ORD00391,C0198,Lipstick,Beauty,11186.35,2,22372.7,2024-10-28,COD,1.1,October,2024,4474.54,29,Wholesale,East
ORD00392,C0077,Educational Book,Books,36535.74,3,109607.22,2024-07-02,UPI,1.2,July,2024,21921.444000000003,14,Retail,North
ORD00393,C0043,Sneakers,Clothing,12046.9,3,36140.7,2025-01-05,COD,3.2,January,2025,7228.139999999999,26,Online,East
ORD00394,C0006,Hair Dryer,Beauty,7043.51,4,28174.04,2024-03-12,UPI,2.3,March,2024,5634.808000000001,30,Retail,North
ORD00395,C0220,Sneakers,Clothing,34369.57,4,137478.28,2024-07-31,Net Banking,1.6,July,2024,27495.656000000003,7,Online,West
ORD00396,C0161,Sneakers,Clothing,4827.49,3,14482.47,2024-03-10,Debit Card,4.2,March,2024,2896.494,12,Online,South
ORD00397,C0264,Lipstick,Beauty,14851.66,2,29703.32,2025-01-08,Debit Card,1.9,January,2025,5940.664000000001,18,Retail,South
ORD00398,C0156,Jacket,Clothing,40248.27,3,120744.81,2024-04-19,Wallet,3.9,April,2024,24148.962,28,Online,East
ORD00399,C0141,Jeans,Clothing,37135.36,2,74270.72,2024-12-23,Net Banking,3.0,December,2024,14854.144,22,Wholesale,North
ORD00400,C0258,Shampoo,Beauty,25794.78,5,128973.9,2024-08-13,Debit Card,1.0,August,2024,25794.78,19,Online,North
ORD00401,C0078,Shampoo,Beauty,47564.29,3,142692.87,2024-05-23,Net Banking,3.5,May,2024,28538.574,26,Wholesale,East
ORD00402,C0093,Mixer Grinder,Home & Kitchen,5500.92,3,16502.76,2024-07-27,Debit Card,2.3,July,2024,3300.552,27,Wholesale,North
ORD00403,C0213,Comic Book,Books,904.29,2,1808.58,2024-05-01,Debit Card,3.5,May,2024,361.716,6,Online,West
ORD00404,C0010,Smartwatch,Electronics,25035.46,2,50070.92,2024-04-15,Debit Card,4.5,April,2024,10014.184,14,Retail,South
ORD00405,C0085,Sneakers,Clothing,30156.36,5,150781.8,2025-01-06,UPI,4.4,January,2025,30156.36,6,Wholesale,East
ORD00406,C0242,Jacket,Clothing,42189.9,1,42189.9,2025-01-12,Credit Card,3.4,January,2025,8437.980000000001,30,Retail,East
ORD00407,C0272,Jeans,Clothing,41122.81,2,82245.62,2024-12-10,Net Banking,4.8,December,2024,16449.124,21,Wholesale,North
ORD00408,C0106,T-Shirt,Clothing,21705.78,1,21705.78,2024-10-05,COD,1.1,October,2024,4341.156,12,Online,East
ORD00409,C0053,Headphones,Electronics,28391.65,3,85174.95,2024-12-11,Debit Card,2.5,December,2024,17034.99,5,Online,West
ORD00410,C0201,Mixer Grinder,Home & Kitchen,40031.86,2,80063.72,2024-12-16,COD,1.9,December,2024,16012.744,13,Wholesale,North
ORD00411,C0292,Mixer Grinder,Home & Kitchen,41248.02,4,164992.08,2025-01-12,Credit Card,2.6,January,2025,32998.416,15,Online,North
ORD00412,C0015,Shampoo,Beauty,35325.38,2,70650.76,2024-05-18,UPI,4.1,May,2024,14130.152,26,Wholesale,North
ORD00413,C0144,Mixer Grinder,Home & Kitchen,45866.22,1,45866.22,2024-12-09,COD,3.9,December,2024,9173.244,20,Online,North
ORD00414,C0275,Dress,Clothing,42975.36,4,171901.44,2024-08-18,COD,3.3,August,2024,34380.288,11,Retail,West
ORD00415,C0008,Tablet,Electronics,7532.86,5,37664.3,2025-02-07,UPI,1.5,February,2025,7532.860000000001,14,Online,North
ORD00416,C0089,Face Cream,Beauty,39931.75,4,159727.0,2024-04-19,Credit Card,2.4,April,2024,31945.4,27,Retail,East
ORD00417,C0169,Headphones,Electronics,20760.44,4,83041.76,2024-03-10,COD,2.4,March,2024,16608.352,30,Online,West
ORD00418,C0083,T-Shirt,Clothing,29466.3,5,147331.5,2024-07-23,Net Banking,1.3,July,2024,29466.300000000003,7,Retail,South
ORD00419,C0156,Face Cream,Beauty,756.85,3,2270.55,2024-11-04,UPI,4.8,November,2024,454.11000000000007,22,Online,South
ORD00420,C0132,Smartwatch,Electronics,43711.45,4,174845.8,2024-06-27,Wallet,4.5,June,2024,34969.16,29,Retail,East
ORD00421,C0289,Comic Book,Books,1134.78,2,2269.56,2024-06-09,Debit Card,3.9,June,2024,453.912,28,Wholesale,East
ORD00422,C0046,Sofa Cover,Home & Kitchen,6859.0,3,20577.0,2024-10-05,Net Banking,1.6,October,2024,4115.400000000001,17,Wholesale,West
ORD00423,C0161,Self-Help Book,Books,28818.74,3,86456.22,2024-06-27,Debit Card,1.4,June,2024,17291.244000000002,30,Retail,South
ORD00424,C0207,Laptop,Electronics,25233.95,4,100935.8,2024-10-25,COD,4.1,October,2024,20187.160000000003,11,Online,South
ORD00425,C0119,Educational Book,Books,28577.34,1,28577.34,2024-08-20,UPI,2.7,August,2024,5715.468000000001,29,Retail,South
ORD00426,C0047,Bedsheet,Home & Kitchen,7322.87,3,21968.61,2024-02-22,COD,5.0,February,2024,4393.722000000001,8,Online,South
ORD00427,C0184,Fiction Novel,Books,25144.48,4,100577.92,2024-05-05,Net Banking,1.3,May,2024,20115.584000000003,17,Wholesale,South
ORD00428,C0035,Mixer Grinder,Home & Kitchen,16289.17,5,81445.85,2024-11-14,Net Banking,2.6,November,2024,16289.170000000002,24,Online,North
ORD00429,C0076,Comic Book,Books,24973.13,3,74919.39,2024-12-08,Debit Card,3.2,December,2024,14983.878,5,Wholesale,East
ORD00430,C0194,Cookware Set,Home & Kitchen,5804.38,2,11608.76,2024-05-16,COD,2.2,May,2024,2321.752,12,Online,North
ORD00431,C0057,Jeans,Clothing,43502.85,1,43502.85,2024-03-13,Net Banking,4.2,March,2024,8700.57,18,Online,South
ORD00432,C0007,Smartphone,Electronics,46770.01,5,233850.05,2024-04-10,Net Banking,2.9,April,2024,46770.01,20,Online,West
ORD00433,C0261,Laptop,Electronics,38160.98,2,76321.96,2024-03-31,Debit Card,4.0,March,2024,15264.392000000002,18,Retail,West
ORD00434,C0148,Headphones,Electronics,14797.27,2,29594.54,2025-01-25,UPI,3.4,January,2025,5918.908,16,Retail,South
ORD00435,C0247,Shampoo,Beauty,16951.57,5,84757.85,2024-03-28,Wallet,2.0,March,2024,16951.570000000003,23,Wholesale,South
ORD00436,C0176,Smartphone,Electronics,20087.65,2,40175.3,2024-10-27,Wallet,2.7,October,2024,8035.060000000001,27,Wholesale,West
ORD00437,C0057,Face Cream,Beauty,45544.54,4,182178.16,2024-04-23,COD,3.0,April,2024,36435.632000000005,19,Retail,North
ORD00438,C0036,Shampoo,Beauty,4986.9,1,4986.9,2024-12-23,COD,4.4,December,2024,997.38,6,Wholesale,North
ORD00439,C0267,Bedsheet,Home & Kitchen,37890.56,1,37890.56,2024-06-30,COD,2.4,June,2024,7578.112,6,Retail,South
ORD00440,C0158,Tablet,Electronics,26947.54,2,53895.08,2024-06-05,Net Banking,4.1,June,2024,10779.016,27,Online,North
ORD00441,C0201,Headphones,Electronics,16929.74,3,50789.22,2024-03-17,Wallet,1.5,March,2024,10157.844,26,Wholesale,West
ORD00442,C0206,Smartphone,Electronics,30310.92,3,90932.76,2024-04-20,UPI,3.5,April,2024,18186.552,23,Wholesale,North
ORD00443,C0232,Educational Book,Books,33643.5,5,168217.5,2024-06-16,UPI,4.2,June,2024,33643.5,29,Retail,South
ORD00444,C0138,Cookbook,Books,27847.81,3,83543.43,2024-09-16,Net Banking,4.3,September,2024,16708.685999999998,30,Wholesale,West
ORD00445,C0065,Educational Book,Books,19055.03,3,57165.09,2024-08-25,Credit Card,4.3,August,2024,11433.018,26,Wholesale,North
ORD00446,C0264,Self-Help Book,Books,24012.7,1,24012.7,2024-11-26,Credit Card,4.8,November,2024,4802.54,30,Online,East
ORD00447,C0059,Sneakers,Clothing,8182.19,2,16364.38,2024-08-04,COD,4.2,August,2024,3272.876,30,Wholesale,West
ORD00448,C0116,Hair Dryer,Beauty,35810.63,4,143242.52,2024-04-06,UPI,1.2,April,2024,28648.504,26,Online,West
ORD00449,C0039,T-Shirt,Clothing,23433.86,1,23433.86,2024-08-17,COD,3.8,August,2024,4686.772,21,Retail,East
ORD00450,C0161,Tablet,Electronics,42946.11,4,171784.44,2024-08-31,UPI,3.2,August,2024,34356.888,24,Wholesale,East
ORD00451,C0285,Sneakers,Clothing,3995.44,4,15981.76,2024-05-26,Debit Card,4.0,May,2024,3196.3520000000003,14,Online,West
ORD00452,C0026,Face Cream,Beauty,38728.75,1,38728.75,2024-10-05,Wallet,4.0,October,2024,7745.75,10,Retail,East
ORD00453,C0086,Jacket,Clothing,46205.47,3,138616.41,2024-09-07,Credit Card,2.7,September,2024,27723.282000000003,19,Wholesale,South
ORD00454,C0236,Jeans,Clothing,7631.48,3,22894.44,2024-07-18,Debit Card,3.0,July,2024,4578.888,26,Retail,South
ORD00455,C0055,Comic Book,Books,4581.73,4,18326.92,2024-05-24,Credit Card,3.4,May,2024,3665.384,15,Wholesale,South
ORD00456,C0148,Tablet,Electronics,9761.64,3,29284.92,2024-08-27,Wallet,2.5,August,2024,5856.984,9,Retail,West
ORD00457,C0160,Hair Dryer,Beauty,1582.84,3,4748.52,2024-09-10,Debit Card,2.9,September,2024,949.7040000000002,5,Retail,East
ORD00458,C0300,Laptop,Electronics,8902.26,5,44511.3,2025-01-08,Debit Card,2.4,January,2025,8902.26,12,Online,East
ORD00459,C0069,Sofa Cover,Home & Kitchen,1549.63,1,1549.63,2024-11-27,COD,3.0,November,2024,309.92600000000004,25,Retail,North
ORD00460,C0283,Educational Book,Books,23520.5,5,117602.5,2024-04-26,Debit Card,1.2,April,2024,23520.5,16,Wholesale,North
ORD00461,C0052,Face Cream,Beauty,18729.61,1,18729.61,2024-04-03,COD,1.0,April,2024,3745.922000000001,16,Wholesale,East
ORD00462,C0115,Self-Help Book,Books,18085.73,3,54257.19,2024-07-12,Net Banking,4.1,July,2024,10851.438000000002,9,Online,East
ORD00463,C0250,Lipstick,Beauty,29844.59,3,89533.77,2024-06-28,Credit Card,3.9,June,2024,17906.754,11,Wholesale,East
ORD00464,C0173,Tablet,Electronics,12964.52,2,25929.04,2024-11-23,Wallet,2.7,November,2024,5185.808000000001,8,Wholesale,West
ORD00465,C0288,Tablet,Electronics,43431.64,5,217158.2,2024-06-20,Credit Card,4.4,June,2024,43431.64000000001,10,Wholesale,East
ORD00466,C0263,Smartwatch,Electronics,31005.06,4,124020.24,2024-07-22,Net Banking,4.0,July,2024,24804.048000000003,17,Retail,North
ORD00467,C0068,Face Cream,Beauty,16010.24,3,48030.72,2024-11-21,Net Banking,1.6,November,2024,9606.144,24,Retail,West
ORD00468,C0068,Headphones,Electronics,18451.91,5,92259.55,2024-09-12,UPI,4.9,September,2024,18451.91,19,Wholesale,East
ORD00469,C0175,Smartwatch,Electronics,31793.09,4,127172.36,2024-02-19,COD,4.8,February,2024,25434.472,7,Online,North
ORD00470,C0159,T-Shirt,Clothing,36666.62,4,146666.48,2024-09-28,Net Banking,2.1,September,2024,29333.296,27,Retail,West
ORD00471,C0178,Smartphone,Electronics,38681.26,1,38681.26,2024-07-17,COD,2.0,July,2024,7736.252,12,Online,East
ORD00472,C0262,Cookware Set,Home & Kitchen,29493.06,3,88479.18,2024-07-24,Credit Card,4.2,July,2024,17695.836,24,Wholesale,East
ORD00473,C0019,Bedsheet,Home & Kitchen,30009.2,2,60018.4,2024-06-13,Debit Card,3.0,June,2024,12003.68,20,Wholesale,East
ORD00474,C0284,T-Shirt,Clothing,23089.32,2,46178.64,2024-09-29,Net Banking,3.1,September,2024,9235.728,17,Retail,West
ORD00475,C0236,Sofa Cover,Home & Kitchen,32460.13,4,129840.52,2024-04-28,Credit Card,3.7,April,2024,25968.104000000003,22,Wholesale,North
ORD00476,C0250,Smartwatch,Electronics,29509.14,3,88527.42,2024-12-15,Net Banking,4.1,December,2024,17705.484,14,Retail,North
ORD00477,C0232,Educational Book,Books,5528.69,3,16586.07,2024-09-11,Debit Card,4.2,September,2024,3317.214,23,Wholesale,South
ORD00478,C0116,Fiction Novel,Books,11864.67,5,59323.35,2024-09-13,Net Banking,2.8,September,2024,11864.67,21,Wholesale,East
ORD00479,C0058,Sofa Cover,Home & Kitchen,14273.74,2,28547.48,2024-12-19,Net Banking,3.8,December,2024,5709.496,28,Retail,South
ORD00480,C0222,Educational Book,Books,26806.06,3,80418.18,2024-07-19,Wallet,4.3,July,2024,16083.636,23,Retail,South
ORD00481,C0267,Jacket,Clothing,18757.07,4,75028.28,2024-11-16,UPI,4.2,November,2024,15005.656,30,Retail,North
ORD00482,C0097,Self-Help Book,Books,19661.09,4,78644.36,2024-06-01,Net Banking,2.5,June,2024,15728.872,27,Wholesale,West
ORD00483,C0094,Self-Help Book,Books,27434.25,1,27434.25,2024-03-02,COD,3.8,March,2024,5486.85,30,Wholesale,West
ORD00484,C0104,Educational Book,Books,6322.42,4,25289.68,2024-08-30,UPI,4.0,August,2024,5057.936000000001,9,Online,North
ORD00485,C0242,Comic Book,Books,4316.82,2,8633.64,2024-05-02,Credit Card,3.6,May,2024,1726.728,30,Retail,West
ORD00486,C0267,Dress,Clothing,45426.39,4,181705.56,2024-10-31,Net Banking,2.8,October,2024,36341.112,25,Wholesale,South
ORD00487,C0252,Laptop,Electronics,14971.45,3,44914.35,2024-06-02,UPI,4.5,June,2024,8982.87,27,Wholesale,East
ORD00488,C0092,Bedsheet,Home & Kitchen,12245.12,2,24490.24,2024-08-27,COD,4.5,August,2024,4898.048000000001,13,Retail,North
ORD00489,C0070,Cookbook,Books,48405.89,4,193623.56,2024-03-31,Wallet,4.9,March,2024,38724.712,16,Online,East
ORD00490,C0290,Hair Dryer,Beauty,12757.67,5,63788.35,2024-11-19,UPI,3.3,November,2024,12757.67,25,Retail,West
ORD00491,C0030,Dress,Clothing,33071.09,2,66142.18,2024-10-05,COD,3.5,October,2024,13228.436,5,Online,East
ORD00492,C0094,Hair Dryer,Beauty,4869.56,1,4869.56,2024-04-04,UPI,1.9,April,2024,973.912,30,Wholesale,West
ORD00493,C0051,T-Shirt,Clothing,45127.31,4,180509.24,2025-01-15,COD,4.2,January,2025,36101.848,30,Online,West
ORD00494,C0274,Bedsheet,Home & Kitchen,8867.72,1,8867.72,2024-10-01,Net Banking,4.3,October,2024,1773.544,5,Wholesale,South
ORD00495,C0187,Cookware Set,Home & Kitchen,31749.94,1,31749.94,2024-05-25,COD,3.1,May,2024,6349.988,19,Retail,West
ORD00496,C0037,Shampoo,Beauty,40944.77,2,81889.54,2024-11-03,Credit Card,2.9,November,2024,16377.908,6,Retail,South
ORD00497,C0278,Table Lamp,Home & Kitchen,20859.61,4,83438.44,2024-04-24,Wallet,4.9,April,2024,16687.688000000002,26,Retail,South
ORD00498,C0235,Educational Book,Books,6884.74,5,34423.7,2024-08-12,Net Banking,1.4,August,2024,6884.74,20,Online,South
ORD00499,C0064,Jeans,Clothing,40238.5,3,120715.5,2024-07-21,Wallet,3.9,July,2024,24143.1,29,Wholesale,North
ORD00500,C0151,Smartphone,Electronics,10422.28,5,52111.4,2024-06-26,Net Banking,3.5,June,2024,10422.28,12,Retail,North
ORD00501,C0125,Self-Help Book,Books,13862.56,1,13862.56,2024-12-31,Wallet,1.6,December,2024,2772.512,17,Retail,West
ORD00502,C0034,Face Cream,Beauty,35911.22,4,143644.88,2024-09-12,Credit Card,4.1,September,2024,28728.976,25,Wholesale,South
ORD00503,C0029,Jacket,Clothing,16523.69,3,49571.07,2024-08-17,Credit Card,2.8,August,2024,9914.214,5,Retail,North
ORD00504,C0083,Lipstick,Beauty,6566.03,5,32830.15,2024-04-20,COD,2.6,April,2024,6566.030000000001,20,Wholesale,South
ORD00505,C0199,Bedsheet,Home & Kitchen,18799.05,3,56397.15,2025-02-01,UPI,4.3,February,2025,11279.43,11,Wholesale,East
ORD00506,C0100,Headphones,Electronics,8436.71,5,42183.55,2024-04-13,Wallet,4.9,April,2024,8436.710000000001,9,Wholesale,East
ORD00507,C0036,Cookware Set,Home & Kitchen,19380.5,4,77522.0,2024-06-23,UPI,3.3,June,2024,15504.4,26,Wholesale,East
ORD00508,C0046,Lipstick,Beauty,20228.05,3,60684.15,2025-02-01,UPI,1.2,February,2025,12136.830000000002,27,Wholesale,West
ORD00509,C0196,Laptop,Electronics,28606.86,5,143034.3,2024-08-16,UPI,4.8,August,2024,28606.86,7,Online,South
ORD00510,C0197,Fiction Novel,Books,16803.76,4,67215.04,2024-05-26,Wallet,4.0,May,2024,13443.008,16,Retail,East
ORD00511,C0215,Face Cream,Beauty,18093.34,5,90466.7,2025-01-21,Credit Card,4.2,January,2025,18093.34,30,Online,North
ORD00512,C0142,Tablet,Electronics,31737.13,5,158685.65,2024-04-12,Net Banking,4.0,April,2024,31737.13,20,Retail,East
ORD00513,C0050,Lipstick,Beauty,49861.17,3,149583.51,2024-09-24,UPI,2.5,September,2024,29916.702000000005,23,Online,East
ORD00514,C0100,Educational Book,Books,21233.35,1,21233.35,2024-09-02,COD,1.7,September,2024,4246.67,9,Wholesale,East
ORD00515,C0152,Sofa Cover,Home & Kitchen,776.91,5,3884.55,2024-07-16,COD,4.2,July,2024,776.9100000000001,26,Retail,West
ORD00516,C0036,Lipstick,Beauty,25542.71,1,25542.71,2024-12-14,UPI,2.2,December,2024,5108.542,29,Retail,North
ORD00517,C0075,Sneakers,Clothing,10818.28,5,54091.4,2024-07-22,UPI,1.6,July,2024,10818.28,18,Online,South
ORD00518,C0034,Tablet,Electronics,45801.19,5,229005.95,2024-10-24,Credit Card,2.4,October,2024,45801.19,9,Online,North
ORD00519,C0112,Face Cream,Beauty,6963.56,2,13927.12,2024-12-06,Debit Card,3.3,December,2024,2785.4240000000004,19,Retail,South
ORD00520,C0280,Smartphone,Electronics,37082.11,1,37082.11,2024-06-12,UPI,4.4,June,2024,7416.422,21,Online,West
ORD00521,C0052,Cookbook,Books,6842.69,1,6842.69,2024-06-04,UPI,3.6,June,2024,1368.538,18,Online,West
ORD00522,C0057,Perfume,Beauty,7283.96,1,7283.96,2024-04-08,COD,2.0,April,2024,1456.792,24,Online,West
ORD00523,C0036,Cookware Set,Home & Kitchen,218.58,5,1092.9,2024-04-20,Wallet,4.8,April,2024,218.58000000000004,9,Wholesale,West
ORD00524,C0224,Laptop,Electronics,38689.7,3,116069.1,2024-09-28,Debit Card,1.9,September,2024,23213.820000000003,16,Wholesale,South
ORD00525,C0048,Table Lamp,Home & Kitchen,8863.97,2,17727.94,2024-09-26,UPI,4.5,September,2024,3545.588,20,Online,East
ORD00526,C0050,Sneakers,Clothing,12472.17,5,62360.85,2024-04-23,UPI,1.9,April,2024,12472.17,30,Online,South
ORD00527,C0096,Jeans,Clothing,8734.44,1,8734.44,2024-10-26,Debit Card,2.5,October,2024,1746.888,30,Wholesale,North
ORD00528,C0279,Perfume,Beauty,32422.04,5,162110.2,2024-02-18,Net Banking,1.9,February,2024,32422.040000000005,20,Wholesale,West
ORD00529,C0170,Laptop,Electronics,45532.34,5,227661.7,2024-04-28,Credit Card,3.6,April,2024,45532.34,25,Retail,West
ORD00530,C0139,Face Cream,Beauty,22534.8,4,90139.2,2024-08-30,COD,1.4,August,2024,18027.84,11,Retail,North
ORD00531,C0241,Self-Help Book,Books,26058.55,1,26058.55,2024-10-28,UPI,2.0,October,2024,5211.71,8,Wholesale,South
ORD00532,C0062,Bedsheet,Home & Kitchen,13348.84,2,26697.68,2024-07-27,COD,4.2,July,2024,5339.536,5,Online,East
ORD00533,C0225,Table Lamp,Home & Kitchen,46792.3,1,46792.3,2024-06-16,Credit Card,4.9,June,2024,9358.46,9,Online,East
ORD00534,C0288,Sofa Cover,Home & Kitchen,15764.25,4,63057.0,2024-05-12,COD,4.0,May,2024,12611.4,27,Online,North
ORD00535,C0262,Smartwatch,Electronics,45019.0,5,225095.0,2025-01-07,COD,4.7,January,2025,45019.0,30,Online,East
ORD00536,C0241,Dress,Clothing,42794.4,4,171177.6,2024-06-25,COD,4.6,June,2024,34235.520000000004,14,Retail,South
ORD00537,C0021,Educational Book,Books,492.53,1,492.53,2024-04-15,Credit Card,4.4,April,2024,98.506,26,Wholesale,South
ORD00538,C0121,Sofa Cover,Home & Kitchen,30721.51,4,122886.04,2024-07-28,Wallet,3.4,July,2024,24577.208,9,Online,North
ORD00539,C0078,Cookware Set,Home & Kitchen,17162.64,3,51487.92,2024-07-12,COD,4.7,July,2024,10297.584,8,Retail,South
ORD00540,C0240,Cookbook,Books,45888.54,3,137665.62,2024-04-08,Credit Card,2.0,April,2024,27533.124,6,Online,West
ORD00541,C0102,Table Lamp,Home & Kitchen,49052.43,3,147157.29,2024-12-02,Debit Card,4.5,December,2024,29431.458,24,Wholesale,North
ORD00542,C0135,Sofa Cover,Home & Kitchen,2435.97,1,2435.97,2024-03-30,Credit Card,2.3,March,2024,487.194,14,Retail,South
ORD00543,C0015,Table Lamp,Home & Kitchen,48128.02,4,192512.08,2024-05-13,Wallet,3.2,May,2024,38502.416,30,Wholesale,North
ORD00544,C0189,Perfume,Beauty,47111.56,5,235557.8,2024-04-30,UPI,2.9,April,2024,47111.56,23,Wholesale,East
ORD00545,C0186,Educational Book,Books,8091.3,5,40456.5,2024-08-14,Credit Card,2.0,August,2024,8091.3,30,Retail,South
ORD00546,C0172,Bedsheet,Home & Kitchen,43217.1,5,216085.5,2024-12-18,Debit Card,2.6,December,2024,43217.100000000006,5,Retail,West
ORD00547,C0183,Jacket,Clothing,35592.76,2,71185.52,2024-05-06,Debit Card,4.6,May,2024,14237.104,28,Retail,South
ORD00548,C0090,Hair Dryer,Beauty,9534.89,5,47674.45,2024-07-14,Net Banking,4.2,July,2024,9534.89,9,Retail,North
ORD00549,C0235,Shampoo,Beauty,46990.87,4,187963.48,2024-04-02,COD,1.7,April,2024,37592.696,17,Retail,North
ORD00550,C0292,Table Lamp,Home & Kitchen,31137.03,5,155685.15,2024-12-29,Credit Card,2.6,December,2024,31137.03,8,Retail,South
ORD00551,C0078,Laptop,Electronics,35821.16,4,143284.64,2025-02-07,Debit Card,2.1,February,2025,28656.928000000004,20,Retail,West
ORD00552,C0045,Shampoo,Beauty,28156.95,5,140784.75,2024-05-06,UPI,2.7,May,2024,28156.95,28,Online,West
ORD00553,C0282,Lipstick,Beauty,9335.19,2,18670.38,2024-11-28,COD,3.9,November,2024,3734.076000000001,20,Wholesale,West
ORD00554,C0122,T-Shirt,Clothing,25114.77,2,50229.54,2024-08-07,COD,3.6,August,2024,10045.908,27,Retail,North
ORD00555,C0158,Lipstick,Beauty,19961.03,3,59883.09,2024-11-28,Credit Card,2.9,November,2024,11976.618,6,Online,South
ORD00556,C0208,Laptop,Electronics,38488.04,2,76976.08,2024-08-04,UPI,1.1,August,2024,15395.216,21,Online,East
ORD00557,C0265,Perfume,Beauty,20202.56,5,101012.8,2024-05-17,Credit Card,3.6,May,2024,20202.56,24,Online,North
ORD00558,C0210,Headphones,Electronics,39008.37,3,117025.11,2024-09-21,Net Banking,2.2,September,2024,23405.022,28,Wholesale,West
ORD00559,C0243,Perfume,Beauty,9946.27,1,9946.27,2024-12-19,Credit Card,1.1,December,2024,1989.254,16,Retail,South
ORD00560,C0288,T-Shirt,Clothing,7994.76,5,39973.8,2024-09-23,Debit Card,1.5,September,2024,7994.760000000001,22,Online,West
ORD00561,C0118,Cookware Set,Home & Kitchen,6341.62,3,19024.86,2024-12-06,Credit Card,4.4,December,2024,3804.972,7,Wholesale,East
ORD00562,C0197,Jeans,Clothing,37503.57,4,150014.28,2024-04-03,COD,1.8,April,2024,30002.856,5,Wholesale,West
ORD00563,C0292,Fiction Novel,Books,36760.35,1,36760.35,2024-08-27,Credit Card,1.5,August,2024,7352.07,5,Wholesale,West
ORD00564,C0174,Jacket,Clothing,38023.86,5,190119.3,2024-07-22,Credit Card,2.1,July,2024,38023.86,23,Online,East
ORD00565,C0154,Dress,Clothing,17983.34,1,17983.34,2024-02-20,COD,1.5,February,2024,3596.668,15,Retail,South
ORD00566,C0162,Bedsheet,Home & Kitchen,25457.34,5,127286.7,2024-05-11,UPI,4.3,May,2024,25457.34,9,Online,North
ORD00567,C0057,Self-Help Book,Books,26220.67,4,104882.68,2024-04-30,Net Banking,3.3,April,2024,20976.536,16,Online,South
ORD00568,C0252,Educational Book,Books,48670.07,1,48670.07,2025-02-01,UPI,4.2,February,2025,9734.014,7,Retail,East
ORD00569,C0070,Smartphone,Electronics,12197.36,5,60986.8,2025-01-10,Debit Card,3.5,January,2025,12197.36,5,Retail,West
ORD00570,C0215,Tablet,Electronics,14488.22,4,57952.88,2024-12-25,Net Banking,2.7,December,2024,11590.576,5,Retail,South
ORD00571,C0247,Table Lamp,Home & Kitchen,33547.94,2,67095.88,2025-01-15,Net Banking,1.1,January,2025,13419.176,12,Wholesale,North
ORD00572,C0290,Sneakers,Clothing,4800.26,5,24001.3,2024-03-23,UPI,2.2,March,2024,4800.26,14,Retail,East
ORD00573,C0130,Cookware Set,Home & Kitchen,36429.57,4,145718.28,2024-04-08,Credit Card,4.6,April,2024,29143.656000000003,15,Online,South
ORD00574,C0094,Tablet,Electronics,29775.43,4,119101.72,2024-02-17,Debit Card,4.6,February,2024,23820.344,16,Retail,North
ORD00575,C0106,Perfume,Beauty,10736.32,3,32208.96,2024-07-15,UPI,3.7,July,2024,6441.792,17,Online,East
ORD00576,C0087,Self-Help Book,Books,8005.02,5,40025.1,2024-05-10,UPI,2.5,May,2024,8005.02,16,Wholesale,North
ORD00577,C0298,Perfume,Beauty,32078.48,3,96235.44,2024-03-27,Credit Card,4.5,March,2024,19247.088,18,Online,East
ORD00578,C0049,Smartwatch,Electronics,31277.18,1,31277.18,2024-09-10,Debit Card,3.0,September,2024,6255.436000000001,6,Online,West
ORD00579,C0068,Headphones,Electronics,31094.13,1,31094.13,2024-11-03,UPI,2.7,November,2024,6218.826000000001,23,Retail,South
ORD00580,C0174,Comic Book,Books,15881.67,4,63526.68,2025-01-19,Wallet,4.3,January,2025,12705.336,22,Retail,North
ORD00581,C0203,Jacket,Clothing,16129.77,4,64519.08,2024-06-19,Debit Card,1.0,June,2024,12903.816,7,Online,East
ORD00582,C0080,Hair Dryer,Beauty,39478.69,5,197393.45,2024-11-24,Credit Card,2.7,November,2024,39478.69,27,Retail,North
ORD00583,C0296,Comic Book,Books,29635.8,3,88907.4,2025-01-16,Credit Card,1.2,January,2025,17781.48,21,Wholesale,North
ORD00584,C0089,Smartwatch,Electronics,7892.27,2,15784.54,2024-05-02,Net Banking,1.1,May,2024,3156.9080000000004,30,Wholesale,South
ORD00585,C0067,Tablet,Electronics,45112.24,3,135336.72,2024-11-13,Wallet,4.7,November,2024,27067.344,12,Retail,West
ORD00586,C0215,Jeans,Clothing,26527.78,4,106111.12,2024-02-15,Net Banking,3.7,February,2024,21222.224,30,Wholesale,North
ORD00587,C0040,Cookware Set,Home & Kitchen,37170.4,5,185852.0,2024-05-08,Debit Card,3.7,May,2024,37170.4,14,Retail,East
ORD00588,C0048,Jeans,Clothing,47535.79,5,237678.95,2024-02-15,Debit Card,1.8,February,2024,47535.79000000001,30,Online,East
ORD00589,C0230,Bedsheet,Home & Kitchen,30252.89,4,121011.56,2024-12-16,Wallet,4.1,December,2024,24202.312,6,Online,West
ORD00590,C0105,Sneakers,Clothing,3126.9,3,9380.7,2024-10-30,COD,1.9,October,2024,1876.1400000000003,23,Wholesale,East
ORD00591,C0235,Self-Help Book,Books,40295.47,3,120886.41,2024-04-29,UPI,2.8,April,2024,24177.282000000003,13,Retail,West
ORD00592,C0185,Perfume,Beauty,462.0,4,1848.0,2024-06-18,COD,3.4,June,2024,369.6,11,Retail,East
ORD00593,C0073,Lipstick,Beauty,22475.54,3,67426.62,2024-03-15,UPI,1.6,March,2024,13485.324,8,Wholesale,South
ORD00594,C0233,Headphones,Electronics,19218.55,2,38437.1,2024-09-20,Wallet,4.5,September,2024,7687.42,30,Online,North
ORD00595,C0085,Smartwatch,Electronics,31162.39,5,155811.95,2024-04-16,Credit Card,3.4,April,2024,31162.390000000003,25,Wholesale,South
ORD00596,C0080,Hair Dryer,Beauty,16017.54,1,16017.54,2024-06-15,UPI,3.5,June,2024,3203.5080000000003,22,Online,North
ORD00597,C0036,Cookware Set,Home & Kitchen,19008.81,4,76035.24,2024-07-05,COD,4.2,July,2024,15207.048000000004,17,Retail,North
ORD00598,C0071,Headphones,Electronics,22353.43,3,67060.29,2024-12-02,Debit Card,1.3,December,2024,13412.058,15,Online,North
ORD00599,C0054,Mixer Grinder,Home & Kitchen,30122.28,5,150611.4,2025-01-30,UPI,4.8,January,2025,30122.28,28,Wholesale,South
ORD00600,C0057,Tablet,Electronics,7289.72,5,36448.6,2024-05-29,Wallet,1.9,May,2024,7289.72,8,Retail,North
ORD00601,C0248,Smartwatch,Electronics,32122.43,4,128489.72,2024-02-22,COD,2.8,February,2024,25697.944000000003,29,Wholesale,South
ORD00602,C0130,Sneakers,Clothing,43852.34,3,131557.02,2024-04-24,Net Banking,4.2,April,2024,26311.404,25,Wholesale,West
ORD00603,C0179,Bedsheet,Home & Kitchen,23005.86,1,23005.86,2024-07-18,Credit Card,4.8,July,2024,4601.1720000000005,29,Online,East
ORD00604,C0260,Sneakers,Clothing,48580.6,1,48580.6,2024-10-09,UPI,3.0,October,2024,9716.12,8,Wholesale,East
ORD00605,C0125,Face Cream,Beauty,10320.87,5,51604.35,2025-02-05,Wallet,2.8,February,2025,10320.87,14,Online,North
ORD00606,C0289,Cookware Set,Home & Kitchen,43149.24,1,43149.24,2024-07-06,UPI,1.9,July,2024,8629.848,9,Retail,South
ORD00607,C0159,Self-Help Book,Books,567.81,4,2271.24,2025-01-17,Wallet,4.5,January,2025,454.248,13,Online,East
ORD00608,C0272,Comic Book,Books,6705.43,5,33527.15,2024-09-01,Wallet,4.5,September,2024,6705.43,28,Retail,South
ORD00609,C0180,T-Shirt,Clothing,29974.35,5,149871.75,2025-01-01,Wallet,3.1,January,2025,29974.35,7,Online,South
ORD00610,C0118,Tablet,Electronics,5739.3,4,22957.2,2024-07-15,Credit Card,4.6,July,2024,4591.4400000000005,21,Wholesale,North
ORD00611,C0251,Jeans,Clothing,21417.72,4,85670.88,2024-07-20,Debit Card,4.5,July,2024,17134.176000000003,7,Online,East
ORD00612,C0109,Table Lamp,Home & Kitchen,25404.68,4,101618.72,2025-01-11,Credit Card,4.6,January,2025,20323.744,20,Online,North
ORD00613,C0252,Mixer Grinder,Home & Kitchen,27582.01,2,55164.02,2024-02-13,Debit Card,1.5,February,2024,11032.804,8,Retail,North
ORD00614,C0038,Bedsheet,Home & Kitchen,23584.89,3,70754.67,2024-07-07,Wallet,4.1,July,2024,14150.934,22,Wholesale,East
ORD00615,C0156,Educational Book,Books,24444.89,3,73334.67,2024-08-29,Wallet,1.2,August,2024,14666.934,21,Online,East
ORD00616,C0252,Dress,Clothing,8080.22,2,16160.44,2024-03-07,Debit Card,3.6,March,2024,3232.088,11,Wholesale,West
ORD00617,C0281,Lipstick,Beauty,27860.8,2,55721.6,2024-07-14,Credit Card,2.6,July,2024,11144.32,28,Online,West
ORD00618,C0120,Fiction Novel,Books,30468.47,3,91405.41,2024-06-27,Credit Card,1.7,June,2024,18281.082,27,Online,South
ORD00619,C0286,Lipstick,Beauty,7718.78,1,7718.78,2024-12-28,Debit Card,1.1,December,2024,1543.756,9,Wholesale,East
ORD00620,C0050,Face Cream,Beauty,34866.42,1,34866.42,2024-12-18,COD,3.6,December,2024,6973.284,16,Online,West
ORD00621,C0084,Sneakers,Clothing,5369.5,1,5369.5,2024-10-09,COD,3.2,October,2024,1073.9,21,Wholesale,South
ORD00622,C0146,Perfume,Beauty,18338.76,5,91693.8,2024-02-15,Wallet,4.0,February,2024,18338.76,27,Online,South
ORD00623,C0188,Headphones,Electronics,48287.49,4,193149.96,2024-11-28,UPI,1.1,November,2024,38629.992,17,Retail,South
ORD00624,C0261,T-Shirt,Clothing,18161.01,4,72644.04,2024-07-13,Credit Card,2.3,July,2024,14528.808,27,Wholesale,West
ORD00625,C0083,Jeans,Clothing,21064.01,3,63192.03,2024-07-14,Net Banking,1.9,July,2024,12638.406,29,Online,East
ORD00626,C0241,Fiction Novel,Books,8598.22,5,42991.1,2025-02-07,UPI,1.4,February,2025,8598.22,7,Online,North
ORD00627,C0193,Smartwatch,Electronics,27897.4,2,55794.8,2024-11-05,COD,1.8,November,2024,11158.96,13,Retail,South
ORD00628,C0070,Lipstick,Beauty,3153.16,2,6306.32,2024-08-27,Net Banking,4.4,August,2024,1261.264,21,Wholesale,West
ORD00629,C0108,Headphones,Electronics,25634.9,1,25634.9,2024-10-01,Net Banking,4.3,October,2024,5126.9800000000005,21,Online,West
ORD00630,C0078,Smartphone,Electronics,9427.83,3,28283.49,2024-06-14,Net Banking,4.2,June,2024,5656.698,24,Retail,North
ORD00631,C0003,Shampoo,Beauty,22564.13,1,22564.13,2024-10-10,Wallet,3.2,October,2024,4512.826,20,Online,North
ORD00632,C0254,Sneakers,Clothing,47288.95,1,47288.95,2025-01-10,Wallet,3.1,January,2025,9457.79,29,Wholesale,West
ORD00633,C0274,Educational Book,Books,24537.79,3,73613.37,2024-10-09,Credit Card,1.6,October,2024,14722.674,26,Online,East
ORD00634,C0204,Smartwatch,Electronics,22226.76,5,111133.8,2024-06-15,Debit Card,4.7,June,2024,22226.76,17,Online,North
ORD00635,C0079,Hair Dryer,Beauty,14103.34,2,28206.68,2024-06-23,COD,1.6,June,2024,5641.336,23,Online,West
ORD00636,C0237,Sofa Cover,Home & Kitchen,19376.32,1,19376.32,2024-09-22,UPI,4.5,September,2024,3875.264,21,Online,North
ORD00637,C0026,Educational Book,Books,41619.15,1,41619.15,2024-05-11,Debit Card,4.9,May,2024,8323.83,8,Retail,East
ORD00638,C0260,Cookware Set,Home & Kitchen,14084.61,3,42253.83,2024-09-15,Wallet,4.9,September,2024,8450.766000000001,16,Retail,South
ORD00639,C0128,Smartwatch,Electronics,25935.66,5,129678.3,2024-12-23,Debit Card,3.7,December,2024,25935.660000000003,13,Wholesale,North
ORD00640,C0191,Smartwatch,Electronics,30657.64,5,153288.2,2024-12-10,Net Banking,4.8,December,2024,30657.640000000003,23,Retail,East
ORD00641,C0150,Dress,Clothing,13596.18,3,40788.54,2024-07-06,Credit Card,2.9,July,2024,8157.708,16,Retail,West
ORD00642,C0167,Hair Dryer,Beauty,28379.75,5,141898.75,2024-12-03,COD,4.4,December,2024,28379.75,13,Wholesale,North
ORD00643,C0028,Dress,Clothing,12422.09,2,24844.18,2024-04-05,COD,3.4,April,2024,4968.836,11,Retail,North
ORD00644,C0119,Shampoo,Beauty,18747.94,1,18747.94,2024-10-31,Net Banking,2.2,October,2024,3749.588,18,Retail,West
ORD00645,C0146,Smartwatch,Electronics,35524.56,1,35524.56,2024-08-08,UPI,2.0,August,2024,7104.912,24,Wholesale,South
ORD00646,C0045,T-Shirt,Clothing,36454.63,1,36454.63,2024-06-21,UPI,4.3,June,2024,7290.925999999999,23,Wholesale,West
ORD00647,C0069,Laptop,Electronics,23249.27,3,69747.81,2024-09-28,Credit Card,2.2,September,2024,13949.562,30,Wholesale,North
ORD00648,C0188,Shampoo,Beauty,48842.53,1,48842.53,2024-05-12,Net Banking,2.7,May,2024,9768.506,19,Online,West
ORD00649,C0113,Tablet,Electronics,21881.01,1,21881.01,2024-05-11,Wallet,3.5,May,2024,4376.202,20,Online,East
ORD00650,C0007,Educational Book,Books,38964.36,5,194821.8,2024-10-29,Wallet,3.9,October,2024,38964.36,25,Wholesale,West
ORD00651,C0291,Sofa Cover,Home & Kitchen,1435.38,4,5741.52,2024-03-24,UPI,2.0,March,2024,1148.304,9,Wholesale,North
ORD00652,C0014,Laptop,Electronics,2536.16,5,12680.8,2024-05-18,COD,1.8,May,2024,2536.16,7,Wholesale,West
ORD00653,C0007,Headphones,Electronics,21992.38,5,109961.9,2024-07-28,Debit Card,3.9,July,2024,21992.38,16,Online,South
ORD00654,C0207,Lipstick,Beauty,20194.2,2,40388.4,2024-10-16,Debit Card,3.1,October,2024,8077.68,29,Online,West
ORD00655,C0246,Jacket,Clothing,18789.81,3,56369.43,2024-04-25,Debit Card,2.0,April,2024,11273.886,24,Retail,South
ORD00656,C0062,Laptop,Electronics,33027.63,2,66055.26,2024-08-31,COD,1.5,August,2024,13211.052,25,Retail,East
ORD00657,C0272,Shampoo,Beauty,44953.24,5,224766.2,2024-07-27,Wallet,1.1,July,2024,44953.240000000005,8,Wholesale,South
ORD00658,C0206,Jacket,Clothing,47047.23,5,235236.15,2024-11-17,Wallet,3.0,November,2024,47047.23,25,Online,West
ORD00659,C0089,Headphones,Electronics,34358.78,3,103076.34,2024-09-28,Net Banking,2.4,September,2024,20615.268,27,Online,North
ORD00660,C0176,Lipstick,Beauty,12779.59,5,63897.95,2024-11-24,Credit Card,2.8,November,2024,12779.59,20,Online,South
ORD00661,C0118,Cookbook,Books,30878.47,5,154392.35,2024-07-11,UPI,2.5,July,2024,30878.47,29,Wholesale,East
ORD00662,C0269,Face Cream,Beauty,24227.24,1,24227.24,2024-03-01,Debit Card,2.7,March,2024,4845.448,11,Retail,South
ORD00663,C0297,Jeans,Clothing,15282.31,4,61129.24,2024-06-17,Net Banking,2.1,June,2024,12225.848,17,Wholesale,South
ORD00664,C0241,Lipstick,Beauty,46933.96,1,46933.96,2024-06-03,Debit Card,2.5,June,2024,9386.792,25,Retail,South
ORD00665,C0096,Perfume,Beauty,14622.12,1,14622.12,2025-01-02,Credit Card,4.9,January,2025,2924.4240000000004,14,Retail,East
ORD00666,C0052,Cookbook,Books,34830.28,4,139321.12,2024-11-13,Credit Card,2.9,November,2024,27864.224,30,Wholesale,West
ORD00667,C0162,Perfume,Beauty,43118.19,5,215590.95,2025-01-17,Net Banking,4.0,January,2025,43118.19,11,Retail,South
ORD00668,C0110,Cookbook,Books,29885.36,3,89656.08,2024-05-04,Debit Card,4.1,May,2024,17931.216,18,Retail,South
ORD00669,C0109,Educational Book,Books,7728.33,5,38641.65,2024-06-28,COD,3.9,June,2024,7728.330000000001,30,Online,North
ORD00670,C0163,Cookware Set,Home & Kitchen,36096.74,5,180483.7,2025-01-22,Net Banking,1.8,January,2025,36096.740000000005,9,Retail,East
ORD00671,C0200,T-Shirt,Clothing,19275.66,4,77102.64,2024-04-17,Net Banking,1.8,April,2024,15420.528,7,Wholesale,South
ORD00672,C0100,Sofa Cover,Home & Kitchen,15387.59,4,61550.36,2024-09-23,Wallet,1.0,September,2024,12310.072,27,Wholesale,East
ORD00673,C0082,Smartphone,Electronics,23806.64,1,23806.64,2024-03-02,Debit Card,2.5,March,2024,4761.328,15,Retail,South
ORD00674,C0074,Hair Dryer,Beauty,28568.97,1,28568.97,2024-07-02,Debit Card,1.0,July,2024,5713.794000000001,15,Online,West
ORD00675,C0079,Laptop,Electronics,40753.52,1,40753.52,2024-03-01,Debit Card,4.2,March,2024,8150.704,22,Online,West
ORD00676,C0093,Tablet,Electronics,38571.81,4,154287.24,2024-03-16,COD,1.2,March,2024,30857.448,19,Retail,South
ORD00677,C0026,Smartphone,Electronics,25161.91,5,125809.55,2024-05-04,Wallet,3.4,May,2024,25161.910000000003,16,Retail,West
ORD00678,C0278,Perfume,Beauty,12124.19,3,36372.57,2024-11-21,Debit Card,4.7,November,2024,7274.514,13,Wholesale,South
ORD00679,C0116,Educational Book,Books,2013.64,3,6040.92,2024-03-13,UPI,3.8,March,2024,1208.184,14,Retail,West
ORD00680,C0154,Bedsheet,Home & Kitchen,6002.25,3,18006.75,2024-10-04,COD,3.5,October,2024,3601.3500000000004,30,Online,North
ORD00681,C0010,Self-Help Book,Books,31332.42,4,125329.68,2024-09-08,Credit Card,1.4,September,2024,25065.936,16,Retail,North
ORD00682,C0026,Bedsheet,Home & Kitchen,17539.19,1,17539.19,2024-07-07,Wallet,3.9,July,2024,3507.838,21,Wholesale,North
ORD00683,C0194,Fiction Novel,Books,14865.47,2,29730.94,2024-08-23,UPI,1.6,August,2024,5946.188,10,Wholesale,East
ORD00684,C0296,Dress,Clothing,48130.6,5,240653.0,2024-11-23,UPI,4.0,November,2024,48130.600000000006,11,Wholesale,East
ORD00685,C0275,Educational Book,Books,8970.27,3,26910.81,2024-06-21,COD,1.1,June,2024,5382.162,18,Wholesale,North
ORD00686,C0179,Headphones,Electronics,14359.73,2,28719.46,2024-06-22,UPI,4.4,June,2024,5743.892,17,Wholesale,East
ORD00687,C0075,Perfume,Beauty,17009.73,4,68038.92,2024-11-12,Debit Card,3.7,November,2024,13607.784,12,Retail,West
ORD00688,C0219,T-Shirt,Clothing,10385.24,2,20770.48,2024-03-22,UPI,4.7,March,2024,4154.0960000000005,14,Retail,South
ORD00689,C0203,Tablet,Electronics,28261.1,2,56522.2,2025-01-26,Wallet,4.3,January,2025,11304.44,13,Retail,South
ORD00690,C0174,Jeans,Clothing,23320.94,2,46641.88,2024-05-02,Wallet,3.2,May,2024,9328.376,22,Retail,South
ORD00691,C0190,T-Shirt,Clothing,16038.0,5,80190.0,2024-12-20,Credit Card,2.3,December,2024,16038.0,30,Wholesale,North
ORD00692,C0270,Sneakers,Clothing,43719.71,5,218598.55,2024-11-12,UPI,3.4,November,2024,43719.71,6,Online,East
ORD00693,C0015,Cookbook,Books,19669.48,2,39338.96,2024-05-17,Wallet,2.0,May,2024,7867.792,9,Retail,West
ORD00694,C0061,Lipstick,Beauty,27396.01,1,27396.01,2024-03-20,COD,4.9,March,2024,5479.202,9,Online,West
ORD00695,C0025,Jacket,Clothing,13763.17,5,68815.85,2024-05-22,Wallet,3.6,May,2024,13763.170000000002,10,Retail,North
ORD00696,C0272,Cookware Set,Home & Kitchen,6421.63,2,12843.26,2024-03-05,Net Banking,1.5,March,2024,2568.652,23,Retail,West
ORD00697,C0136,Self-Help Book,Books,4617.2,4,18468.8,2024-03-19,UPI,3.8,March,2024,3693.76,12,Online,West
ORD00698,C0062,T-Shirt,Clothing,6022.31,5,30111.55,2024-08-09,Credit Card,3.5,August,2024,6022.31,20,Wholesale,West
ORD00699,C0300,Face Cream,Beauty,38968.52,4,155874.08,2024-11-04,Net Banking,3.9,November,2024,31174.816,17,Retail,West
ORD00700,C0157,Laptop,Electronics,20435.34,5,102176.7,2024-10-17,Credit Card,3.8,October,2024,20435.34,5,Retail,East
ORD00701,C0105,Tablet,Electronics,25115.71,2,50231.42,2024-08-18,Wallet,2.5,August,2024,10046.284,26,Retail,West
ORD00702,C0226,Headphones,Electronics,36115.48,1,36115.48,2024-04-13,UPI,3.0,April,2024,7223.096000000001,24,Online,South
ORD00703,C0063,Table Lamp,Home & Kitchen,13372.74,2,26745.48,2024-09-08,Wallet,1.7,September,2024,5349.0960000000005,21,Wholesale,North
ORD00704,C0278,Educational Book,Books,32472.59,1,32472.59,2024-03-27,Wallet,1.0,March,2024,6494.518,11,Online,East
ORD00705,C0258,Fiction Novel,Books,12097.46,5,60487.3,2024-05-21,COD,4.2,May,2024,12097.46,29,Online,West
ORD00706,C0255,Cookbook,Books,34446.42,3,103339.26,2024-02-27,UPI,2.4,February,2024,20667.852,17,Wholesale,East
ORD00707,C0098,Educational Book,Books,13420.4,4,53681.6,2024-12-26,COD,4.7,December,2024,10736.32,8,Online,West
ORD00708,C0292,Comic Book,Books,20686.94,3,62060.82,2024-12-26,Wallet,4.1,December,2024,12412.164,8,Wholesale,South
ORD00709,C0093,Headphones,Electronics,29418.33,2,58836.66,2024-07-30,COD,3.3,July,2024,11767.332000000002,10,Retail,North
ORD00710,C0104,Self-Help Book,Books,6115.91,1,6115.91,2024-05-14,UPI,1.5,May,2024,1223.182,23,Wholesale,West
ORD00711,C0031,Self-Help Book,Books,33404.12,3,100212.36,2024-08-21,Debit Card,2.7,August,2024,20042.472,16,Retail,West
ORD00712,C0299,Jeans,Clothing,40046.19,2,80092.38,2024-05-07,UPI,1.2,May,2024,16018.476000000002,26,Online,West
ORD00713,C0153,Self-Help Book,Books,22709.95,2,45419.9,2024-10-24,Credit Card,4.0,October,2024,9083.98,11,Online,West
ORD00714,C0149,Fiction Novel,Books,22315.58,1,22315.58,2024-09-08,UPI,2.6,September,2024,4463.116000000001,14,Retail,North
ORD00715,C0104,Jeans,Clothing,47608.93,1,47608.93,2024-02-25,UPI,4.2,February,2024,9521.786,30,Online,North
ORD00716,C0276,Jacket,Clothing,19846.64,1,19846.64,2024-08-09,Net Banking,3.3,August,2024,3969.328,23,Wholesale,South
ORD00717,C0110,Fiction Novel,Books,5975.89,3,17927.67,2024-09-01,UPI,4.8,September,2024,3585.534,11,Retail,North
ORD00718,C0169,Fiction Novel,Books,49409.89,4,197639.56,2024-09-26,Net Banking,4.1,September,2024,39527.912,7,Online,West
ORD00719,C0251,Dress,Clothing,13885.05,5,69425.25,2024-10-12,Credit Card,3.5,October,2024,13885.05,17,Retail,South
ORD00720,C0265,Shampoo,Beauty,4080.78,3,12242.34,2024-04-08,Credit Card,4.9,April,2024,2448.4680000000003,17,Wholesale,South
ORD00721,C0162,Headphones,Electronics,27306.31,3,81918.93,2024-03-18,Credit Card,3.8,March,2024,16383.786,22,Wholesale,South
ORD00722,C0099,Cookware Set,Home & Kitchen,16580.24,5,82901.2,2024-12-02,Net Banking,4.6,December,2024,16580.24,30,Online,West
ORD00723,C0123,Comic Book,Books,12798.83,4,51195.32,2024-11-06,UPI,5.0,November,2024,10239.064,24,Wholesale,East
ORD00724,C0172,Educational Book,Books,18574.12,1,18574.12,2024-10-14,Wallet,3.3,October,2024,3714.824,12,Retail,West
ORD00725,C0202,Cookware Set,Home & Kitchen,30836.98,4,123347.92,2024-02-14,Wallet,1.1,February,2024,24669.584000000003,13,Wholesale,North
ORD00726,C0201,Sneakers,Clothing,48620.13,4,194480.52,2024-07-21,Debit Card,1.9,July,2024,38896.104,11,Retail,North
ORD00727,C0220,Cookbook,Books,16390.44,2,32780.88,2024-08-12,Credit Card,4.2,August,2024,6556.176,5,Retail,West
ORD00728,C0147,Face Cream,Beauty,18862.01,3,56586.03,2024-12-10,Wallet,3.0,December,2024,11317.206,7,Wholesale,West
ORD00729,C0113,Smartwatch,Electronics,11448.28,1,11448.28,2024-08-04,Net Banking,3.6,August,2024,2289.6560000000004,17,Online,South
ORD00730,C0219,Hair Dryer,Beauty,24384.05,2,48768.1,2024-07-26,Debit Card,3.0,July,2024,9753.62,29,Wholesale,West
ORD00731,C0152,Perfume,Beauty,18179.43,1,18179.43,2024-03-20,Wallet,4.3,March,2024,3635.886,21,Retail,South
ORD00732,C0185,Cookware Set,Home & Kitchen,22430.51,1,22430.51,2024-09-19,Credit Card,4.5,September,2024,4486.102,29,Retail,North
ORD00733,C0237,Sofa Cover,Home & Kitchen,10241.78,2,20483.56,2025-01-15,Wallet,3.7,January,2025,4096.712,28,Wholesale,South
ORD00734,C0125,Dress,Clothing,17800.74,3,53402.22,2024-11-05,Wallet,2.9,November,2024,10680.444,5,Online,West
ORD00735,C0054,Comic Book,Books,16174.96,5,80874.8,2024-02-19,Credit Card,4.9,February,2024,16174.96,10,Online,North
ORD00736,C0211,Cookware Set,Home & Kitchen,2370.61,5,11853.05,2024-06-08,Debit Card,3.1,June,2024,2370.61,25,Retail,East
ORD00737,C0141,Hair Dryer,Beauty,139.85,3,419.55,2024-09-14,UPI,2.0,September,2024,83.91000000000001,10,Retail,South
ORD00738,C0129,Smartwatch,Electronics,2519.18,1,2519.18,2024-12-01,Net Banking,2.4,December,2024,503.836,30,Online,North
ORD00739,C0105,Hair Dryer,Beauty,32626.32,4,130505.28,2024-10-21,UPI,2.9,October,2024,26101.056,16,Wholesale,South
ORD00740,C0251,Smartphone,Electronics,14636.55,3,43909.65,2024-05-09,Credit Card,3.6,May,2024,8781.93,17,Retail,North
ORD00741,C0134,Face Cream,Beauty,19549.44,5,97747.2,2024-08-07,Wallet,1.7,August,2024,19549.44,17,Retail,North
ORD00742,C0202,Headphones,Electronics,37195.73,2,74391.46,2024-11-28,UPI,2.7,November,2024,14878.292,19,Online,South
ORD00743,C0010,Sofa Cover,Home & Kitchen,34821.93,3,104465.79,2024-10-20,Credit Card,4.4,October,2024,20893.158,25,Wholesale,East
ORD00744,C0216,Lipstick,Beauty,28630.92,4,114523.68,2025-01-18,Credit Card,4.2,January,2025,22904.736,20,Online,North
ORD00745,C0183,T-Shirt,Clothing,25059.36,5,125296.8,2024-03-07,UPI,2.4,March,2024,25059.36,26,Wholesale,North
ORD00746,C0269,Sofa Cover,Home & Kitchen,47795.34,1,47795.34,2024-12-13,COD,2.3,December,2024,9559.068,25,Wholesale,North
ORD00747,C0185,Sneakers,Clothing,36918.2,4,147672.8,2024-02-28,Wallet,3.2,February,2024,29534.56,15,Wholesale,East
ORD00748,C0213,Lipstick,Beauty,3394.38,3,10183.14,2024-06-26,UPI,3.5,June,2024,2036.628,9,Retail,East
ORD00749,C0116,Smartphone,Electronics,11142.38,5,55711.9,2024-08-07,Credit Card,3.3,August,2024,11142.38,8,Online,West
ORD00750,C0264,Cookware Set,Home & Kitchen,18602.85,5,93014.25,2024-10-25,UPI,4.3,October,2024,18602.85,7,Online,South
ORD00751,C0025,Jacket,Clothing,13557.11,5,67785.55,2024-05-25,Net Banking,1.3,May,2024,13557.11,23,Wholesale,East
ORD00752,C0175,Mixer Grinder,Home & Kitchen,13559.18,1,13559.18,2024-08-11,Debit Card,1.0,August,2024,2711.836,24,Retail,South
ORD00753,C0158,Tablet,Electronics,41926.03,2,83852.06,2025-02-01,COD,3.6,February,2025,16770.412,29,Retail,West
ORD00754,C0127,Lipstick,Beauty,12930.46,4,51721.84,2024-12-30,Net Banking,1.9,December,2024,10344.368,22,Online,South
ORD00755,C0076,Laptop,Electronics,37355.59,3,112066.77,2024-07-08,Wallet,1.7,July,2024,22413.354000000003,19,Retail,East
ORD00756,C0041,Lipstick,Beauty,18385.32,5,91926.6,2024-05-15,UPI,3.8,May,2024,18385.320000000003,13,Retail,South
ORD00757,C0144,Cookbook,Books,5299.58,4,21198.32,2024-08-27,Debit Card,2.8,August,2024,4239.664,21,Wholesale,East
ORD00758,C0142,Educational Book,Books,7649.41,4,30597.64,2024-04-16,UPI,1.6,April,2024,6119.528,18,Retail,South
ORD00759,C0005,Mixer Grinder,Home & Kitchen,36950.98,4,147803.92,2024-10-07,Debit Card,3.0,October,2024,29560.784000000003,19,Wholesale,East
ORD00760,C0051,Comic Book,Books,2136.99,1,2136.99,2024-09-07,Net Banking,2.2,September,2024,427.398,5,Online,East
ORD00761,C0203,Sofa Cover,Home & Kitchen,19693.93,5,98469.65,2024-04-13,Wallet,1.9,April,2024,19693.93,25,Retail,South
ORD00762,C0179,Sofa Cover,Home & Kitchen,16179.61,2,32359.22,2024-11-11,Debit Card,2.7,November,2024,6471.844000000001,26,Online,West
ORD00763,C0107,Educational Book,Books,45910.23,4,183640.92,2024-12-26,Net Banking,1.6,December,2024,36728.184,26,Online,North
ORD00764,C0199,Lipstick,Beauty,6685.9,2,13371.8,2024-02-20,Debit Card,2.0,February,2024,2674.36,7,Retail,West
ORD00765,C0300,Self-Help Book,Books,2258.89,3,6776.67,2024-09-12,Wallet,2.0,September,2024,1355.334,20,Retail,South
ORD00766,C0071,Educational Book,Books,25282.52,1,25282.52,2024-09-06,Credit Card,4.5,September,2024,5056.504000000001,27,Online,West
ORD00767,C0049,Shampoo,Beauty,11461.72,5,57308.6,2024-11-06,Debit Card,3.0,November,2024,11461.72,29,Retail,East
ORD00768,C0224,Shampoo,Beauty,17915.6,4,71662.4,2024-08-28,UPI,1.8,August,2024,14332.48,15,Wholesale,North
ORD00769,C0038,Lipstick,Beauty,22703.03,2,45406.06,2024-05-06,Net Banking,5.0,May,2024,9081.212,16,Wholesale,South
ORD00770,C0298,Headphones,Electronics,42210.82,2,84421.64,2024-03-24,Wallet,2.8,March,2024,16884.328,14,Retail,South
ORD00771,C0273,Sofa Cover,Home & Kitchen,7355.5,3,22066.5,2025-01-27,Net Banking,2.0,January,2025,4413.3,20,Online,South
ORD00772,C0293,Table Lamp,Home & Kitchen,13879.0,1,13879.0,2024-06-12,COD,2.5,June,2024,2775.8,12,Retail,North
ORD00773,C0032,Sofa Cover,Home & Kitchen,42604.95,5,213024.75,2024-07-11,Net Banking,3.0,July,2024,42604.95,10,Retail,East
ORD00774,C0121,Smartwatch,Electronics,31265.89,1,31265.89,2024-06-20,UPI,4.9,June,2024,6253.178,16,Online,South
ORD00775,C0226,Dress,Clothing,20020.83,5,100104.15,2024-09-01,Credit Card,1.8,September,2024,20020.83,28,Online,West
ORD00776,C0111,Cookbook,Books,24680.19,3,74040.57,2024-05-21,COD,3.5,May,2024,14808.114,25,Wholesale,South
ORD00777,C0249,Lipstick,Beauty,22254.17,4,89016.68,2024-04-14,Debit Card,3.8,April,2024,17803.336,12,Online,South
ORD00778,C0258,Fiction Novel,Books,4226.03,1,4226.03,2024-09-07,Debit Card,2.8,September,2024,845.206,30,Wholesale,South
ORD00779,C0135,Bedsheet,Home & Kitchen,46315.8,3,138947.4,2024-05-24,Wallet,2.4,May,2024,27789.48,8,Online,South
ORD00780,C0014,Smartwatch,Electronics,1320.32,3,3960.96,2025-01-08,Wallet,2.0,January,2025,792.192,30,Retail,East
ORD00781,C0222,Cookbook,Books,9772.82,4,39091.28,2024-11-04,UPI,3.1,November,2024,7818.256,12,Wholesale,West
ORD00782,C0037,Comic Book,Books,47666.18,1,47666.18,2024-02-12,UPI,2.3,February,2024,9533.236,30,Wholesale,East
ORD00783,C0222,Jeans,Clothing,7673.62,2,15347.24,2024-06-13,COD,4.6,June,2024,3069.4480000000003,22,Wholesale,West
ORD00784,C0008,Sofa Cover,Home & Kitchen,41671.06,2,83342.12,2025-02-01,UPI,2.3,February,2025,16668.424,9,Retail,South
ORD00785,C0179,Table Lamp,Home & Kitchen,15793.43,5,78967.15,2024-09-22,Net Banking,1.3,September,2024,15793.43,13,Retail,North
ORD00786,C0072,Lipstick,Beauty,6767.81,1,6767.81,2024-12-27,COD,2.1,December,2024,1353.562,8,Retail,East
ORD00787,C0016,Lipstick,Beauty,1011.22,5,5056.1,2024-11-05,Net Banking,4.7,November,2024,1011.22,26,Retail,North
ORD00788,C0233,Headphones,Electronics,13371.25,4,53485.0,2024-07-05,Credit Card,1.6,July,2024,10697.0,21,Retail,East
ORD00789,C0129,Jeans,Clothing,28972.11,2,57944.22,2024-08-01,Credit Card,2.1,August,2024,11588.844,13,Wholesale,South
ORD00790,C0276,Perfume,Beauty,17212.34,1,17212.34,2025-02-06,COD,3.5,February,2025,3442.4680000000003,5,Retail,East
ORD00791,C0157,Educational Book,Books,48742.0,1,48742.0,2024-09-16,UPI,1.1,September,2024,9748.4,25,Wholesale,South
ORD00792,C0035,Smartphone,Electronics,19117.36,3,57352.08,2025-02-08,COD,1.6,February,2025,11470.416,24,Retail,East
ORD00793,C0102,Tablet,Electronics,847.39,5,4236.95,2024-12-15,Net Banking,4.0,December,2024,847.39,17,Online,South
ORD00794,C0180,Mixer Grinder,Home & Kitchen,14796.32,2,29592.64,2024-11-29,Wallet,1.2,November,2024,5918.528,20,Wholesale,South
ORD00795,C0147,Face Cream,Beauty,5238.33,3,15714.99,2024-10-24,Wallet,1.6,October,2024,3142.998,17,Online,West
ORD00796,C0297,Mixer Grinder,Home & Kitchen,31430.94,5,157154.7,2024-11-02,Debit Card,4.6,November,2024,31430.94,18,Wholesale,South
ORD00797,C0146,Jeans,Clothing,27532.48,4,110129.92,2024-04-09,UPI,2.2,April,2024,22025.984,7,Online,West
ORD00798,C0002,Jeans,Clothing,41121.95,3,123365.85,2024-02-20,COD,1.4,February,2024,24673.17,10,Retail,South
ORD00799,C0041,Laptop,Electronics,12944.89,2,25889.78,2024-04-10,COD,1.9,April,2024,5177.956,22,Retail,North
ORD00800,C0174,T-Shirt,Clothing,4729.04,5,23645.2,2024-09-09,COD,4.0,September,2024,4729.04,23,Retail,South
ORD00801,C0299,Lipstick,Beauty,31512.97,2,63025.94,2024-12-18,COD,2.1,December,2024,12605.188000000002,9,Wholesale,North
ORD00802,C0194,Smartwatch,Electronics,46891.65,3,140674.95,2024-11-08,Net Banking,2.9,November,2024,28134.990000000005,19,Online,North
ORD00803,C0188,Dress,Clothing,34137.79,2,68275.58,2024-09-23,Net Banking,1.8,September,2024,13655.116000000002,29,Retail,South
ORD00804,C0259,Table Lamp,Home & Kitchen,41000.91,4,164003.64,2024-09-11,UPI,4.5,September,2024,32800.728,6,Online,North
ORD00805,C0151,Laptop,Electronics,7672.34,4,30689.36,2024-04-10,UPI,1.1,April,2024,6137.872,14,Online,West
ORD00806,C0300,Educational Book,Books,25186.79,3,75560.37,2024-02-22,COD,3.8,February,2024,15112.074,28,Retail,East
ORD00807,C0205,Shampoo,Beauty,41285.25,1,41285.25,2024-12-05,COD,1.8,December,2024,8257.050000000001,22,Retail,South
ORD00808,C0130,Shampoo,Beauty,30435.75,2,60871.5,2024-04-09,Credit Card,3.1,April,2024,12174.3,17,Online,North
ORD00809,C0182,Laptop,Electronics,45786.56,5,228932.8,2024-12-22,Wallet,1.4,December,2024,45786.56,9,Retail,South
ORD00810,C0206,Fiction Novel,Books,26700.19,3,80100.57,2024-03-26,COD,1.5,March,2024,16020.114,27,Retail,West
ORD00811,C0079,Sneakers,Clothing,27367.02,3,82101.06,2024-07-03,Wallet,1.4,July,2024,16420.212,28,Retail,South
ORD00812,C0287,Tablet,Electronics,17213.3,3,51639.9,2024-04-21,Net Banking,1.7,April,2024,10327.98,5,Wholesale,South
ORD00813,C0266,Mixer Grinder,Home & Kitchen,4084.62,5,20423.1,2024-02-26,UPI,4.3,February,2024,4084.62,26,Online,North
ORD00814,C0250,Table Lamp,Home & Kitchen,9213.55,4,36854.2,2024-07-17,COD,2.5,July,2024,7370.84,5,Online,West
ORD00815,C0098,T-Shirt,Clothing,6114.55,4,24458.2,2024-08-27,Debit Card,3.7,August,2024,4891.64,22,Wholesale,East
ORD00816,C0208,Comic Book,Books,21670.52,4,86682.08,2024-04-09,COD,4.6,April,2024,17336.416,19,Online,East
ORD00817,C0005,Face Cream,Beauty,37528.53,4,150114.12,2025-01-21,UPI,1.6,January,2025,30022.824,21,Retail,North
ORD00818,C0004,Smartphone,Electronics,46526.93,5,232634.65,2024-12-20,Net Banking,2.2,December,2024,46526.93,15,Online,South
ORD00819,C0031,Self-Help Book,Books,4042.56,2,8085.12,2024-03-14,Debit Card,3.7,March,2024,1617.024,25,Retail,North
ORD00820,C0298,Cookware Set,Home & Kitchen,35777.51,1,35777.51,2024-12-23,Net Banking,3.2,December,2024,7155.502,30,Wholesale,North
ORD00821,C0167,Bedsheet,Home & Kitchen,4160.52,2,8321.04,2024-12-06,Net Banking,3.8,December,2024,1664.2080000000003,29,Retail,North
ORD00822,C0018,Laptop,Electronics,20754.92,3,62264.76,2024-08-10,Debit Card,1.9,August,2024,12452.952,26,Online,South
ORD00823,C0163,Comic Book,Books,34460.43,2,68920.86,2024-03-06,COD,4.6,March,2024,13784.172,21,Online,West
ORD00824,C0233,Table Lamp,Home & Kitchen,22835.78,5,114178.9,2024-02-22,Wallet,4.1,February,2024,22835.78,17,Online,North
ORD00825,C0167,Shampoo,Beauty,5361.18,2,10722.36,2024-10-16,Net Banking,3.0,October,2024,2144.472,5,Wholesale,South
ORD00826,C0256,Jacket,Clothing,41996.61,2,83993.22,2024-11-20,COD,2.1,November,2024,16798.644,6,Wholesale,West
ORD00827,C0065,Perfume,Beauty,43606.83,4,174427.32,2024-04-11,Debit Card,3.6,April,2024,34885.464,13,Online,North
ORD00828,C0016,Smartwatch,Electronics,14290.07,5,71450.35,2024-12-12,Debit Card,2.3,December,2024,14290.070000000002,7,Retail,East
ORD00829,C0019,Laptop,Electronics,32760.67,3,98282.01,2024-06-26,Net Banking,1.0,June,2024,19656.402,5,Wholesale,West
ORD00830,C0071,Comic Book,Books,26403.73,1,26403.73,2024-11-08,Debit Card,3.3,November,2024,5280.746,25,Online,North
ORD00831,C0106,Hair Dryer,Beauty,34069.64,1,34069.64,2024-11-14,Wallet,3.0,November,2024,6813.928,20,Online,West
ORD00832,C0072,Table Lamp,Home & Kitchen,47284.54,5,236422.7,2024-03-01,Net Banking,2.4,March,2024,47284.54000000001,27,Wholesale,West
ORD00833,C0073,Smartwatch,Electronics,28678.88,4,114715.52,2024-10-17,Net Banking,3.7,October,2024,22943.104000000003,10,Wholesale,West
ORD00834,C0253,Face Cream,Beauty,44918.35,5,224591.75,2024-07-23,Wallet,4.4,July,2024,44918.350000000006,21,Wholesale,West
ORD00835,C0299,Hair Dryer,Beauty,31727.37,1,31727.37,2024-11-11,Debit Card,1.7,November,2024,6345.474,9,Retail,West
ORD00836,C0097,Bedsheet,Home & Kitchen,10766.58,3,32299.74,2024-04-05,Credit Card,4.2,April,2024,6459.948,9,Retail,West
ORD00837,C0038,Lipstick,Beauty,25288.2,4,101152.8,2024-08-15,Debit Card,4.8,August,2024,20230.56,10,Online,North
ORD00838,C0219,Laptop,Electronics,35506.5,5,177532.5,2024-05-26,UPI,4.5,May,2024,35506.5,7,Wholesale,East
ORD00839,C0243,Fiction Novel,Books,7682.98,4,30731.92,2024-08-15,COD,4.8,August,2024,6146.384,25,Retail,South
ORD00840,C0174,Smartphone,Electronics,32664.01,2,65328.02,2024-03-22,Net Banking,2.5,March,2024,13065.604,27,Wholesale,West
ORD00841,C0284,Table Lamp,Home & Kitchen,14359.56,3,43078.68,2024-07-09,Debit Card,2.3,July,2024,8615.736,9,Online,South
ORD00842,C0184,Sneakers,Clothing,3632.93,5,18164.65,2024-08-24,Credit Card,2.1,August,2024,3632.93,25,Retail,North
ORD00843,C0094,Mixer Grinder,Home & Kitchen,30519.71,1,30519.71,2024-02-13,Net Banking,3.2,February,2024,6103.942,9,Retail,West
ORD00844,C0118,Sofa Cover,Home & Kitchen,999.54,3,2998.62,2025-01-03,Debit Card,3.2,January,2025,599.724,14,Retail,East
ORD00845,C0207,Mixer Grinder,Home & Kitchen,15481.49,3,46444.47,2024-05-20,Wallet,2.1,May,2024,9288.894,14,Online,South
ORD00846,C0273,Table Lamp,Home & Kitchen,33814.72,2,67629.44,2024-10-09,Net Banking,1.3,October,2024,13525.888,23,Wholesale,West
ORD00847,C0276,Table Lamp,Home & Kitchen,13559.39,3,40678.17,2024-09-15,Net Banking,3.6,September,2024,8135.634,21,Retail,North
ORD00848,C0153,T-Shirt,Clothing,18461.51,3,55384.53,2024-09-14,COD,4.4,September,2024,11076.906,25,Online,East
ORD00849,C0096,Smartphone,Electronics,22868.39,4,91473.56,2024-06-03,Debit Card,1.3,June,2024,18294.712,18,Wholesale,South
ORD00850,C0142,Sofa Cover,Home & Kitchen,17795.7,2,35591.4,2024-06-15,COD,4.2,June,2024,7118.280000000001,13,Online,South
ORD00851,C0225,Perfume,Beauty,20095.19,4,80380.76,2025-01-13,Credit Card,2.7,January,2025,16076.152,18,Wholesale,West
ORD00852,C0230,Cookware Set,Home & Kitchen,13998.81,2,27997.62,2024-07-13,Net Banking,2.7,July,2024,5599.524,5,Online,East
ORD00853,C0011,Mixer Grinder,Home & Kitchen,787.27,3,2361.81,2024-04-06,UPI,2.1,April,2024,472.362,23,Wholesale,East
ORD00854,C0106,Laptop,Electronics,47363.2,3,142089.6,2024-11-12,Credit Card,3.3,November,2024,28417.92,17,Retail,East
ORD00855,C0078,Sneakers,Clothing,9655.03,4,38620.12,2024-11-16,Credit Card,1.5,November,2024,7724.024000000001,17,Wholesale,East
ORD00856,C0056,Cookware Set,Home & Kitchen,24151.49,1,24151.49,2024-10-02,UPI,4.8,October,2024,4830.298000000001,8,Online,North
ORD00857,C0269,Comic Book,Books,3697.32,4,14789.28,2024-02-27,UPI,1.3,February,2024,2957.856,5,Online,East
ORD00858,C0255,Educational Book,Books,43840.04,5,219200.2,2024-12-12,Credit Card,3.0,December,2024,43840.04000000001,21,Wholesale,South
ORD00859,C0230,Sofa Cover,Home & Kitchen,6494.62,5,32473.1,2024-09-04,UPI,2.6,September,2024,6494.62,12,Retail,South
ORD00860,C0104,Educational Book,Books,7761.67,1,7761.67,2025-02-03,UPI,4.8,February,2025,1552.334,6,Retail,North
ORD00861,C0176,Hair Dryer,Beauty,43300.52,4,173202.08,2024-10-23,COD,1.1,October,2024,34640.416,12,Wholesale,South
ORD00862,C0160,Sofa Cover,Home & Kitchen,36583.04,4,146332.16,2024-04-18,COD,2.0,April,2024,29266.432,11,Wholesale,South
ORD00863,C0148,Smartwatch,Electronics,43298.08,3,129894.24,2024-07-28,UPI,1.6,July,2024,25978.848,30,Online,East
ORD00864,C0014,Self-Help Book,Books,47427.3,5,237136.5,2024-03-29,Wallet,4.0,March,2024,47427.3,30,Retail,South
ORD00865,C0238,Smartphone,Electronics,32950.95,5,164754.75,2024-07-26,Net Banking,2.2,July,2024,32950.950000000004,6,Wholesale,North
ORD00866,C0071,Face Cream,Beauty,14064.35,2,28128.7,2024-04-19,Net Banking,2.9,April,2024,5625.740000000001,26,Retail,East
ORD00867,C0016,Lipstick,Beauty,49911.75,3,149735.25,2024-05-18,Wallet,3.1,May,2024,29947.050000000003,26,Wholesale,West
ORD00868,C0028,Headphones,Electronics,40986.82,3,122960.46,2025-01-22,COD,3.5,January,2025,24592.092000000004,7,Wholesale,East
ORD00869,C0277,Sofa Cover,Home & Kitchen,32863.88,4,131455.52,2024-03-15,Wallet,4.9,March,2024,26291.104,22,Retail,North
ORD00870,C0120,Perfume,Beauty,37424.59,4,149698.36,2024-08-01,Net Banking,1.2,August,2024,29939.672,16,Wholesale,East
ORD00871,C0269,Table Lamp,Home & Kitchen,36930.76,2,73861.52,2024-05-15,Debit Card,1.9,May,2024,14772.304000000002,5,Wholesale,East
ORD00872,C0015,Cookbook,Books,40379.73,1,40379.73,2024-11-02,COD,3.8,November,2024,8075.946000000001,26,Online,North
ORD00873,C0187,T-Shirt,Clothing,16938.75,5,84693.75,2024-02-29,Debit Card,3.2,February,2024,16938.75,16,Wholesale,East
ORD00874,C0115,Dress,Clothing,2415.32,5,12076.6,2024-09-24,COD,3.2,September,2024,2415.32,9,Wholesale,North
ORD00875,C0219,Hair Dryer,Beauty,49127.14,3,147381.42,2024-08-31,UPI,1.0,August,2024,29476.284000000003,29,Wholesale,North
ORD00876,C0162,Jacket,Clothing,1416.84,3,4250.52,2024-06-07,Net Banking,1.8,June,2024,850.1040000000002,21,Online,West
ORD00877,C0132,Hair Dryer,Beauty,21112.13,3,63336.39,2024-08-22,UPI,1.9,August,2024,12667.278,20,Retail,South
ORD00878,C0298,Lipstick,Beauty,13061.91,5,65309.55,2024-10-24,Debit Card,1.9,October,2024,13061.910000000002,19,Online,South
ORD00879,C0262,Self-Help Book,Books,7465.89,5,37329.45,2024-03-28,Debit Card,4.4,March,2024,7465.889999999999,27,Online,East
ORD00880,C0209,Fiction Novel,Books,38005.05,1,38005.05,2025-01-01,UPI,4.0,January,2025,7601.010000000001,19,Retail,East
ORD00881,C0209,T-Shirt,Clothing,42307.18,5,211535.9,2024-08-21,COD,4.1,August,2024,42307.18,9,Online,West
ORD00882,C0184,Mixer Grinder,Home & Kitchen,28727.4,3,86182.2,2024-05-22,COD,4.7,May,2024,17236.44,25,Retail,West
ORD00883,C0300,Hair Dryer,Beauty,8465.28,3,25395.84,2024-12-12,Credit Card,1.8,December,2024,5079.168000000001,18,Online,West
ORD00884,C0257,Cookbook,Books,17194.75,3,51584.25,2024-05-15,Wallet,1.9,May,2024,10316.85,6,Retail,North
ORD00885,C0126,Sneakers,Clothing,26550.66,4,106202.64,2024-03-09,COD,3.3,March,2024,21240.528,15,Wholesale,West
ORD00886,C0230,Educational Book,Books,24335.78,4,97343.12,2024-04-09,UPI,3.1,April,2024,19468.624,23,Online,West
ORD00887,C0067,Sofa Cover,Home & Kitchen,17308.52,1,17308.52,2024-10-29,Net Banking,2.2,October,2024,3461.704,11,Online,East
ORD00888,C0295,Laptop,Electronics,18097.79,1,18097.79,2024-05-22,Net Banking,3.8,May,2024,3619.558,10,Online,West
ORD00889,C0205,Cookbook,Books,45792.57,2,91585.14,2024-06-10,Credit Card,3.1,June,2024,18317.028,6,Online,North
ORD00890,C0233,Hair Dryer,Beauty,35879.79,4,143519.16,2024-03-02,UPI,4.4,March,2024,28703.832,10,Wholesale,North
ORD00891,C0261,Cookware Set,Home & Kitchen,16158.74,3,48476.22,2024-08-24,COD,4.2,August,2024,9695.244,22,Online,East
ORD00892,C0165,Jeans,Clothing,15387.4,1,15387.4,2024-03-03,UPI,4.2,March,2024,3077.48,6,Wholesale,West
ORD00893,C0183,Fiction Novel,Books,11134.83,5,55674.15,2024-10-09,Net Banking,3.2,October,2024,11134.830000000002,22,Wholesale,West
ORD00894,C0059,Face Cream,Beauty,49835.85,3,149507.55,2024-09-02,Credit Card,4.5,September,2024,29901.51,19,Wholesale,North
ORD00895,C0288,Tablet,Electronics,1002.29,1,1002.29,2025-01-08,UPI,1.4,January,2025,200.458,23,Wholesale,West
ORD00896,C0020,Headphones,Electronics,26448.24,4,105792.96,2024-07-20,Net Banking,1.2,July,2024,21158.592000000004,6,Retail,West
ORD00897,C0002,Lipstick,Beauty,30650.46,5,153252.3,2024-09-12,Net Banking,1.6,September,2024,30650.46,24,Retail,West
ORD00898,C0289,Mixer Grinder,Home & Kitchen,31978.03,2,63956.06,2024-05-19,Credit Card,3.7,May,2024,12791.212,29,Online,South
ORD00899,C0199,Dress,Clothing,45516.21,1,45516.21,2024-07-19,UPI,1.0,July,2024,9103.242,10,Retail,East
ORD00900,C0249,Comic Book,Books,31922.03,1,31922.03,2024-05-21,Net Banking,2.5,May,2024,6384.406,5,Retail,South
ORD00901,C0063,Lipstick,Beauty,3481.52,3,10444.56,2024-08-04,Net Banking,1.1,August,2024,2088.912,28,Online,East
ORD00902,C0101,Table Lamp,Home & Kitchen,27507.36,4,110029.44,2024-09-14,Credit Card,4.5,September,2024,22005.888000000003,19,Online,North
ORD00903,C0036,Table Lamp,Home & Kitchen,34870.12,5,174350.6,2025-01-23,Debit Card,2.7,January,2025,34870.12,27,Online,West
ORD00904,C0251,Table Lamp,Home & Kitchen,11540.73,1,11540.73,2024-08-08,Wallet,3.6,August,2024,2308.146,14,Retail,East
ORD00905,C0158,Laptop,Electronics,2926.8,4,11707.2,2024-02-19,Credit Card,2.3,February,2024,2341.44,23,Retail,South
ORD00906,C0283,Educational Book,Books,37341.95,2,74683.9,2024-10-02,Debit Card,4.8,October,2024,14936.78,21,Online,West
ORD00907,C0155,Table Lamp,Home & Kitchen,30100.73,1,30100.73,2024-03-01,UPI,1.7,March,2024,6020.146000000001,9,Wholesale,North
ORD00908,C0119,Jeans,Clothing,4442.1,3,13326.3,2024-03-29,Debit Card,2.8,March,2024,2665.26,8,Online,East
ORD00909,C0225,Bedsheet,Home & Kitchen,18657.99,5,93289.95,2025-01-02,Net Banking,1.7,January,2025,18657.99,14,Wholesale,East
ORD00910,C0295,Shampoo,Beauty,41402.76,1,41402.76,2024-07-10,Credit Card,3.2,July,2024,8280.552000000001,28,Wholesale,East
ORD00911,C0012,Educational Book,Books,49796.61,1,49796.61,2024-10-25,COD,4.1,October,2024,9959.322,21,Online,West
ORD00912,C0158,Perfume,Beauty,32712.91,2,65425.82,2024-05-03,Net Banking,4.2,May,2024,13085.164,14,Online,South
ORD00913,C0194,Face Cream,Beauty,26281.98,1,26281.98,2024-06-24,Debit Card,4.3,June,2024,5256.396000000001,21,Online,South
ORD00914,C0239,Table Lamp,Home & Kitchen,30805.88,5,154029.4,2024-06-15,Credit Card,1.1,June,2024,30805.88,24,Retail,East
ORD00915,C0194,Dress,Clothing,9045.23,5,45226.15,2024-07-04,COD,4.6,July,2024,9045.23,28,Wholesale,North
ORD00916,C0153,Headphones,Electronics,16003.38,2,32006.76,2024-09-13,UPI,4.1,September,2024,6401.352,9,Retail,North
ORD00917,C0250,Jeans,Clothing,35139.53,1,35139.53,2024-05-19,Wallet,2.9,May,2024,7027.906,6,Retail,South
ORD00918,C0062,Fiction Novel,Books,13640.1,4,54560.4,2024-04-10,Wallet,3.3,April,2024,10912.080000000002,10,Online,North
ORD00919,C0230,Cookware Set,Home & Kitchen,5535.76,2,11071.52,2025-02-04,UPI,3.6,February,2025,2214.304,25,Retail,South
ORD00920,C0202,Mixer Grinder,Home & Kitchen,1039.11,4,4156.44,2024-10-17,Credit Card,3.8,October,2024,831.288,6,Online,East
ORD00921,C0229,Table Lamp,Home & Kitchen,41169.65,5,205848.25,2024-12-15,Credit Card,2.7,December,2024,41169.65,17,Wholesale,South
ORD00922,C0263,Laptop,Electronics,21472.14,2,42944.28,2024-09-08,Debit Card,3.4,September,2024,8588.856,15,Online,South
ORD00923,C0229,Comic Book,Books,7936.7,5,39683.5,2024-12-10,Debit Card,3.1,December,2024,7936.700000000001,15,Retail,East
ORD00924,C0187,Jacket,Clothing,23939.92,3,71819.76,2024-12-10,Net Banking,2.1,December,2024,14363.952,20,Retail,North
ORD00925,C0130,Jeans,Clothing,47480.71,5,237403.55,2024-09-09,UPI,3.1,September,2024,47480.71,15,Online,South
ORD00926,C0041,Sofa Cover,Home & Kitchen,8058.4,3,24175.2,2024-11-28,Net Banking,2.9,November,2024,4835.04,23,Online,South
ORD00927,C0235,Shampoo,Beauty,32369.52,2,64739.04,2025-01-27,Debit Card,2.7,January,2025,12947.808,19,Retail,East
ORD00928,C0041,Jeans,Clothing,29604.77,4,118419.08,2024-05-06,Wallet,3.7,May,2024,23683.816000000003,29,Wholesale,North
ORD00929,C0292,Jacket,Clothing,19927.72,2,39855.44,2024-06-07,Credit Card,3.7,June,2024,7971.088000000001,27,Wholesale,South
ORD00930,C0045,Comic Book,Books,42170.48,1,42170.48,2024-10-29,UPI,4.4,October,2024,8434.096000000001,27,Online,East
ORD00931,C0222,Dress,Clothing,15950.41,5,79752.05,2024-12-06,COD,1.5,December,2024,15950.410000000002,20,Wholesale,South
ORD00932,C0082,Fiction Novel,Books,791.45,4,3165.8,2024-03-21,Credit Card,1.2,March,2024,633.1600000000001,15,Retail,West
ORD00933,C0106,Jeans,Clothing,28534.99,3,85604.97,2024-08-15,Net Banking,1.8,August,2024,17120.994000000002,26,Online,East
ORD00934,C0278,Mixer Grinder,Home & Kitchen,13371.43,4,53485.72,2024-06-06,Net Banking,1.2,June,2024,10697.144,20,Retail,North
ORD00935,C0120,Laptop,Electronics,48073.8,4,192295.2,2024-10-03,Credit Card,4.1,October,2024,38459.04,12,Retail,North
ORD00936,C0123,Fiction Novel,Books,15240.16,5,76200.8,2024-06-14,Net Banking,3.6,June,2024,15240.160000000002,8,Wholesale,North
ORD00937,C0152,Comic Book,Books,11216.38,5,56081.9,2024-03-11,COD,2.8,March,2024,11216.38,12,Online,North
ORD00938,C0270,Fiction Novel,Books,540.63,3,1621.89,2024-04-12,COD,3.5,April,2024,324.37800000000004,8,Online,South
ORD00939,C0034,Smartwatch,Electronics,19845.72,3,59537.16,2024-05-08,COD,4.0,May,2024,11907.432,28,Wholesale,South
ORD00940,C0038,Jacket,Clothing,31486.57,1,31486.57,2024-08-16,Wallet,3.0,August,2024,6297.314,29,Retail,North
ORD00941,C0101,Smartwatch,Electronics,47899.72,2,95799.44,2024-07-10,COD,4.0,July,2024,19159.888000000003,7,Retail,North
ORD00942,C0234,Educational Book,Books,39842.15,5,199210.75,2025-01-17,Debit Card,4.8,January,2025,39842.15,7,Retail,North
ORD00943,C0240,Sneakers,Clothing,46101.14,2,92202.28,2024-03-01,Net Banking,4.0,March,2024,18440.456,22,Retail,South
ORD00944,C0072,Fiction Novel,Books,46563.35,5,232816.75,2024-05-08,Debit Card,1.2,May,2024,46563.350000000006,30,Online,North
ORD00945,C0231,Tablet,Electronics,35922.64,4,143690.56,2024-02-17,UPI,3.1,February,2024,28738.112,23,Online,North
ORD00946,C0210,Laptop,Electronics,33745.33,1,33745.33,2025-01-13,COD,2.7,January,2025,6749.066000000001,23,Wholesale,West
ORD00947,C0158,Dress,Clothing,22870.53,5,114352.65,2024-06-20,COD,1.4,June,2024,22870.53,25,Wholesale,West
ORD00948,C0265,Sofa Cover,Home & Kitchen,29715.31,2,59430.62,2024-04-12,COD,3.5,April,2024,11886.124000000002,9,Online,North
ORD00949,C0255,Jeans,Clothing,15543.65,4,62174.6,2024-05-31,Credit Card,2.7,May,2024,12434.92,22,Online,East
ORD00950,C0011,Smartphone,Electronics,8234.32,2,16468.64,2024-06-02,Debit Card,1.9,June,2024,3293.728,14,Retail,North
ORD00951,C0253,T-Shirt,Clothing,959.63,1,959.63,2024-11-21,Wallet,1.6,November,2024,191.926,26,Retail,West
ORD00952,C0047,Face Cream,Beauty,34969.69,5,174848.45,2024-03-30,Net Banking,4.0,March,2024,34969.69,25,Wholesale,East
ORD00953,C0102,Headphones,Electronics,46553.58,3,139660.74,2025-01-04,COD,2.3,January,2025,27932.148,10,Online,East
ORD00954,C0106,Face Cream,Beauty,33472.93,1,33472.93,2024-05-29,Credit Card,3.4,May,2024,6694.586,5,Wholesale,North
ORD00955,C0008,Smartphone,Electronics,29781.11,2,59562.22,2024-03-08,Debit Card,3.6,March,2024,11912.444,9,Online,West
ORD00956,C0135,Cookware Set,Home & Kitchen,30564.98,3,91694.94,2024-07-14,Debit Card,3.8,July,2024,18338.988,13,Retail,West
ORD00957,C0023,Sneakers,Clothing,42407.52,2,84815.04,2024-05-26,Debit Card,4.7,May,2024,16963.007999999998,16,Wholesale,East
ORD00958,C0210,Fiction Novel,Books,10435.03,1,10435.03,2024-09-23,Debit Card,3.1,September,2024,2087.0060000000003,30,Wholesale,North
ORD00959,C0139,Headphones,Electronics,35278.46,3,105835.38,2024-08-27,COD,1.2,August,2024,21167.076,18,Online,South
ORD00960,C0040,Smartphone,Electronics,34844.54,3,104533.62,2024-09-26,Credit Card,4.8,September,2024,20906.724,6,Retail,South
ORD00961,C0009,Comic Book,Books,31159.76,5,155798.8,2025-01-25,Wallet,1.1,January,2025,31159.76,21,Wholesale,West
ORD00962,C0133,Dress,Clothing,27369.17,4,109476.68,2024-09-11,UPI,3.5,September,2024,21895.336,18,Retail,South
ORD00963,C0032,Lipstick,Beauty,47055.28,1,47055.28,2024-06-16,Credit Card,3.0,June,2024,9411.056,30,Wholesale,West
ORD00964,C0009,Laptop,Electronics,30706.15,4,122824.6,2024-08-06,UPI,2.9,August,2024,24564.92,17,Retail,West
ORD00965,C0083,Hair Dryer,Beauty,659.73,4,2638.92,2024-12-08,UPI,3.5,December,2024,527.784,13,Online,West
ORD00966,C0032,Perfume,Beauty,14341.13,4,57364.52,2024-06-28,Credit Card,1.5,June,2024,11472.904,30,Wholesale,South
ORD00967,C0146,Educational Book,Books,22923.93,4,91695.72,2024-12-10,COD,2.7,December,2024,18339.144,29,Wholesale,West
ORD00968,C0097,Table Lamp,Home & Kitchen,20766.47,2,41532.94,2024-04-23,COD,1.8,April,2024,8306.588000000002,19,Retail,East
ORD00969,C0098,Laptop,Electronics,36615.73,5,183078.65,2024-04-10,Net Banking,2.0,April,2024,36615.73,29,Retail,North
ORD00970,C0003,T-Shirt,Clothing,879.25,4,3517.0,2024-09-07,Wallet,4.9,September,2024,703.4000000000001,26,Wholesale,North
ORD00971,C0105,Bedsheet,Home & Kitchen,8571.55,4,34286.2,2025-01-12,Wallet,3.9,January,2025,6857.24,19,Online,West
ORD00972,C0205,Headphones,Electronics,23125.33,5,115626.65,2025-01-19,Debit Card,3.7,January,2025,23125.33,28,Retail,North
ORD00973,C0180,Educational Book,Books,5712.21,3,17136.63,2024-09-11,UPI,3.6,September,2024,3427.3260000000005,15,Retail,South
ORD00974,C0022,T-Shirt,Clothing,1434.23,2,2868.46,2024-03-24,UPI,3.5,March,2024,573.692,20,Retail,South
ORD00975,C0006,Fiction Novel,Books,43163.16,2,86326.32,2024-12-09,Debit Card,1.9,December,2024,17265.264000000003,21,Wholesale,North
ORD00976,C0199,Sofa Cover,Home & Kitchen,38545.29,1,38545.29,2024-09-06,Wallet,1.3,September,2024,7709.058000000001,30,Wholesale,South
ORD00977,C0020,Lipstick,Beauty,8188.18,2,16376.36,2024-08-15,Wallet,1.3,August,2024,3275.2720000000004,8,Wholesale,North
ORD00978,C0206,Table Lamp,Home & Kitchen,35763.48,4,143053.92,2024-12-27,UPI,3.7,December,2024,28610.784000000003,5,Wholesale,North
ORD00979,C0081,Cookware Set,Home & Kitchen,10818.91,2,21637.82,2024-08-01,Wallet,1.8,August,2024,4327.564,12,Online,North
ORD00980,C0089,Perfume,Beauty,35506.41,5,177532.05,2024-02-28,Wallet,1.2,February,2024,35506.41,21,Online,West
ORD00981,C0149,Tablet,Electronics,19010.38,5,95051.9,2024-07-28,Wallet,1.5,July,2024,19010.38,7,Wholesale,North
ORD00982,C0212,Fiction Novel,Books,29678.85,3,89036.55,2024-10-25,UPI,2.9,October,2024,17807.31,24,Online,West
ORD00983,C0036,Comic Book,Books,5412.9,5,27064.5,2024-06-30,COD,2.1,June,2024,5412.900000000001,19,Retail,North
ORD00984,C0261,Jeans,Clothing,22890.95,3,68672.85,2024-11-30,Credit Card,3.0,November,2024,13734.570000000002,19,Retail,North
ORD00985,C0084,Jeans,Clothing,40905.69,5,204528.45,2025-01-27,COD,1.9,January,2025,40905.69,28,Retail,North
ORD00986,C0091,Bedsheet,Home & Kitchen,17253.67,3,51761.01,2024-11-24,Debit Card,4.6,November,2024,10352.202,26,Wholesale,South
ORD00987,C0258,Educational Book,Books,27920.2,5,139601.0,2024-02-14,Wallet,2.7,February,2024,27920.2,18,Retail,West
ORD00988,C0281,Jacket,Clothing,46055.88,5,230279.4,2024-12-06,COD,4.2,December,2024,46055.880000000005,30,Online,West
ORD00989,C0056,Smartwatch,Electronics,49569.3,4,198277.2,2024-05-11,COD,1.2,May,2024,39655.44,27,Wholesale,North
ORD00990,C0098,Educational Book,Books,35948.16,5,179740.8,2024-10-30,Wallet,2.5,October,2024,35948.16,18,Online,North
ORD00991,C0140,Fiction Novel,Books,9189.91,5,45949.55,2024-07-28,Wallet,4.9,July,2024,9189.910000000002,28,Retail,South
ORD00992,C0161,Mixer Grinder,Home & Kitchen,6075.65,2,12151.3,2024-03-06,Credit Card,2.1,March,2024,2430.26,6,Retail,South
ORD00993,C0260,Mixer Grinder,Home & Kitchen,25511.46,2,51022.92,2024-11-27,Net Banking,3.7,November,2024,10204.584,17,Retail,South
ORD00994,C0001,Mixer Grinder,Home & Kitchen,5815.52,4,23262.08,2024-10-12,UPI,2.2,October,2024,4652.416,30,Wholesale,West
ORD00995,C0194,Sneakers,Clothing,11479.89,3,34439.67,2024-07-30,Net Banking,2.5,July,2024,6887.934,18,Online,West
ORD00996,C0272,Smartphone,Electronics,28995.81,3,86987.43,2025-01-13,COD,5.0,January,2025,17397.486,28,Wholesale,West
ORD00997,C0179,Perfume,Beauty,32799.51,2,65599.02,2024-12-18,Wallet,2.4,December,2024,13119.804000000002,23,Wholesale,North
ORD00998,C0226,Face Cream,Beauty,40840.8,1,40840.8,2024-07-26,UPI,3.1,July,2024,8168.160000000001,11,Retail,West
ORD00999,C0137,Cookware Set,Home & Kitchen,34741.79,4,138967.16,2024-10-02,Net Banking,3.2,October,2024,27793.432,7,Wholesale,East
ORD01000,C0186,Table Lamp,Home & Kitchen,16698.12,4,66792.48,2024-03-26,Credit Card,1.6,March,2024,13358.496,19,Wholesale,East
